facility_name,county,state
AMITA Health Holy Family Medical Center,Cook,IL
AMITA Health Holy Family Medical Center,Winnebago,IL
APERION CARE HIGHWOOD,Lake,IL
Abbington Rehab & Nursing Center,DuPage,IL
Abbington Rehab & Nursing Center,Clark,IL
Abington of Glenview,Cook,IL
Abington of Glenview,DuPage,IL
Accolade Health Care of Danville,Vermilion,IL
Accolade Healthcare,Ford,IL
Accolade Healthcare,Cook,IL
Accolade Healthcare of Paxton Senior Living,Ford,IL
Accolade Healthcare of Paxton on Pells,Ford,IL
Accolade Healthcare of Pontiac,Livingston,IL
Accolade Senior Living,Ford,IL
Adams Pointe Senior Living,Adams,IL
Adams Pointe Senior Living,Ford,IL
Addolorata Villa,Cook,IL
Adloff Place,Sangamon,IL
Albany Care,Cook,IL
Alden,Cook,IL
Alden Courts of Shorewood,Will,IL
Alden Courts of Shorewood,Cook,IL
Alden Courts of Waterford,Kane,IL
Alden Courts of Waterford,Will,IL
Alden Debes Rehab Inc,Winnebago,IL
Alden Debes Rehab Inc,Kane,IL
Alden Debes Rehabilitation & Health Care Center,Winnebago,IL
Alden Estates Courts of Huntley,Kane,IL
Alden Estates Courts of Huntley,Winnebago,IL
Alden Estates Des Plaines,Cook,IL
Alden Estates Des Plaines,Kane,IL
Alden Estates Of Shorewood,Will,IL
Alden Estates of Barrington,Cook,IL
Alden Estates of Evanston,Cook,IL
Alden Estates of Naperville,DuPage,IL
Alden Estates of Naperville,Cook,IL
Alden Estates of Northmoor,Cook,IL
Alden Estates of Northmoor,DuPage,IL
Alden Estates of Orland Park,Cook,IL
Alden Estates of Shorewood,Will,IL
Alden Estates of Shorewood,Cook,IL
Alden Estates of Skokie,Cook,IL
Alden Estates of Skokie,Will,IL
Alden Estates-Courts of Huntley,Kane,IL
Alden Estates-Courts of Huntley,Cook,IL
Alden Gardens of Bloomingdale Supportive Living,DuPage,IL
Alden Gardens of Bloomingdale Supportive Living,Kane,IL
Alden Gardens of Waterford,Kane,IL
Alden Gardens of Waterford,DuPage,IL
Alden Lakeland,Cook,IL
Alden Lakeland,Kane,IL
Alden Lincoln Park Rehab,Cook,IL
Alden Long Grove,Lake,IL
Alden Long Grove,Cook,IL
Alden Long Grove Rehab & Health,Lake,IL
Alden North Shore,Cook,IL
Alden North Shore,Lake,IL
Alden Old Town East,DuPage,IL
Alden Old Town East,Kane,IL
Alden Old Town West,DuPage,IL
Alden Park Strathmoor,Winnebago,IL
Alden Park Strathmoor,DuPage,IL
Alden Poplar,Cook,IL
Alden PoplarCreek,Cook,IL
Alden PoplarCreek,Winnebago,IL
Alden Princeton Rehab & Health,Cook,IL
Alden Springs,DuPage,IL
Alden Springs,Cook,IL
Alden Terrace of McHenry,McHenry,IL
Alden Terrace of McHenry,DuPage,IL
Alden Town Manor Care,Cook,IL
Alden Town Manor Rehabilitation & Health Care Cent,Cook,IL
Alden Town Manor Rehabilitation & Health Care Cent,McHenry,IL
Alden Trails,DuPage,IL
Alden Trails,Cook,IL
Alden Valley Ridge,DuPage,IL
Alden Village,DuPage,IL
Alden Village Bloomingdale,DuPage,IL
Alden Village North,Cook,IL
Alden Village North,DuPage,IL
Alden Wentworth  Rehab & Healthcare Center,Cook,IL
Alden Wentworth Rehab & Healthcare Center,Cook,IL
Alden of Long Grove Rehab and HCC,Lake,IL
Alden of Long Grove Rehab and HCC,Cook,IL
Alden of Old Town East,DuPage,IL
Alden of Old Town East,Lake,IL
Alden of Waterford,Kane,IL
Alden of Waterford,DuPage,IL
Aledo Health and Rehab,Mercer,IL
Alexian Village,Cook,IL
Alhambra Rehab and Healthcare,Madison,IL
Alhambra Rehab and Healthcare,Cook,IL
All American Nursing Home,Cook,IL
All American Nursing Home,Madison,IL
All Saints,Cook,IL
Allure of Geneseo,Henry,IL
Allure of Mount Carroll,Carroll,IL
Allure of Mount Carroll,Cook,IL
Alpine Fireside Health Center,Winnebago,IL
Alpine Fireside Health Center,Carroll,IL
Alton Memorial Rehab and Therapy,Madison,IL
Alton Memorial Rehab and Therapy,Winnebago,IL
Alton Mental Health Center,Madison,IL
Ambassador Nursing,Cook,IL
Ambassador Nursing,Madison,IL
Amber Ridge,Rock Island,IL
Amber Ridge,Cook,IL
Amber Ridge #2,Rock Island,IL
Amber Ridge Memory Care,Rock Island,IL
Amberwood,Winnebago,IL
Amberwood,Rock Island,IL
Amberwood Care Center,Winnebago,IL
Amys Country Manor,Tazewell,IL
Anam Care Facility,Winnebago,IL
Anam Care Facility,Cook,IL
Anthology Grayslake,Lake,IL
Anthology Grayslake,Winnebago,IL
Aperion Care,Kane,IL
Aperion Care,St. Clair,IL
Aperion Care,Wayne,IL
Aperion Care,Lake,IL
Aperion Care Bradley,Kankakee,IL
Aperion Care Bradley,Wayne,IL
Aperion Care Burbank,Cook,IL
Aperion Care Burbank,Kankakee,IL
Aperion Care Capitol,Sangamon,IL
Aperion Care Capitol,Cook,IL
Aperion Care Chicago Heights,Cook,IL
Aperion Care Chicago Heights,Sangamon,IL
Aperion Care Dolton,Cook,IL
Aperion Care Elgin,Kane,IL
Aperion Care Elgin,Cook,IL
Aperion Care Evanston,Cook,IL
Aperion Care Evanston,Kane,IL
Aperion Care Fairfield,Wayne,IL
Aperion Care Fairfield,Cook,IL
Aperion Care Forest Park,Cook,IL
Aperion Care Forest Park,Wayne,IL
Aperion Care Highwood,Lake,IL
Aperion Care Highwood,Cook,IL
Aperion Care International of Chicago,Cook,IL
Aperion Care International of Chicago,Lake,IL
Aperion Care Jacksonville,Morgan,IL
Aperion Care Jacksonville,Cook,IL
Aperion Care Marseilles,LaSalle,IL
Aperion Care Marseilles,Morgan,IL
Aperion Care Midlothian,Cook,IL
Aperion Care Midlothian,LaSalle,IL
Aperion Care Moline,Cook,IL
Aperion Care Oak Lawn,Cook,IL
Aperion Care Oak Lawn,Rock Island,IL
Aperion Care Peoria Heights,Peoria,IL
Aperion Care Peoria Heights,Cook,IL
Aperion Care Plum Grove,Cook,IL
Aperion Care Plum Grove,Peoria,IL
Aperion Care Spring Valley,Cook,IL
Aperion Care Spring Valley,Bureau,IL
Aperion Care Springfield,Sangamon,IL
Aperion Care Springfield,Bureau,IL
Aperion Care St Elmo,Fayette,IL
Aperion Care St Elmo,Sangamon,IL
Aperion Care West Chicago,DuPage,IL
Aperion Care West Chicago,Fayette,IL
Aperion Care West Ridge,Cook,IL
Aperion Care West Ridge,DuPage,IL
Aperion Care- Princeton,Bureau,IL
Aperion Care- Princeton,Cook,IL
Aperion Care-Bloomington,McLean,IL
Aperion Care-Bloomington,Bureau,IL
Aperion HealthCare,Lawrence,IL
Aperion HealthCare,McLean,IL
Aperion Morton,Tazewell,IL
Aperion Morton,Lawrence,IL
Aperion Wilmington,Will,IL
Aperion Wilmington,Tazewell,IL
Apostolic Christian CILA Services,Tazewell,IL
Apostolic Christian Home Eureka,Will,IL
Apostolic Christian Home Eureka,Woodford,IL
Apostolic Christian Home of Roanoke,Woodford,IL
Apostolic Christian LifePoints,Woodford,IL
Apostolic Christian Linden Estate,Tazewell,IL
Apostolic Christian Restmor,Tazewell,IL
Apostolic Christian Skyline,Peoria,IL
Apostolic Christian Skyline,Tazewell,IL
Apostolic Christian Timber Ridge,Tazewell,IL
Apostolic Christian Timber Ridge,Peoria,IL
Arbor Rose of Monticello,Piatt,IL
Arbor Rose of Monticello,Tazewell,IL
Arbor Rose of Tolono,Champaign,IL
Arbor Rose of Tolono,Piatt,IL
Arbor Terrace,Will,IL
Arbor Terrace,Champaign,IL
Arbor Terrace of Naperville,Will,IL
Arboria of Long Grove,Lake,IL
Arboria of Long Grove,Will,IL
Arbour Health Care Center,Cook,IL
Arbour Health Care Center,Lake,IL
Arcadia Care Bloomington/Aperion,McLean,IL
Arcadia Care Clifton (formerly Merkle Knipprath),Iroquois,IL
Arcadia Care Clifton (formerly Merkle Knipprath),Cook,IL
Arcadia Care of Danville,Vermilion,IL
Arcadia Care of Danville,Iroquois,IL
Arcola Health Care,Douglas,IL
Arcola Health Care,Vermilion,IL
Arden Courts Of Northbrook,Cook,IL
Arden Courts of Elk Grove,Cook,IL
Arden Courts of Elk Grove,Douglas,IL
Arden Courts of Geneva,Kane,IL
Arden Courts of Geneva,Cook,IL
Arden Courts of Palos Heights,Cook,IL
Arden Courts of Palos Heights,Kane,IL
Arden Courts/Manor Care of South Holland,Cook,IL
Arista Healthcare Naperville,DuPage,IL
Arista Healthcare Naperville,Cook,IL
Artis Elmhurst,DuPage,IL
Artis Senior Living Elmhurst,DuPage,IL
Artis Senior Living of Bartlett,DuPage,IL
Artis Senior Living of Lakeview,Cook,IL
Artis Senior Living of Lakeview,DuPage,IL
Asbury Court Senior Living,Cook,IL
Asbury Gardens,Kane,IL
Asbury Gardens,Cook,IL
Asbury Senior Living,Cook,IL
Ascension Living Saint Benedict Village,Cook,IL
Ascension Presence Merkle Knipprath,Iroquois,IL
Ascension Presence Merkle Knipprath,Kane,IL
Ascension St Anne Center,Winnebago,IL
Ascension St Anne Center,Iroquois,IL
Ashbury Senior Living,Cook,IL
Ashbury Senior Living,Winnebago,IL
Aspen Creek Memory Care,Madison,IL
Aspen Creek Sullivan,Moultrie,IL
Aspen Creek of Sullivan,Moultrie,IL
Aspen Creek of Sullivan,Cook,IL
Aspen Rehab,Rock Island,IL
Aspen Rehab,Moultrie,IL
Aspire Living Prospect Heights,Cook,IL
Aspire Living Prospect Heights,Rock Island,IL
Aspired Living of Westmont,DuPage,IL
Aspired Living of Westmont,Cook,IL
Association for Individual Development (A.I.D),Kendall,IL
Association for Individual Development (A.I.D),Kane,IL
Association for Individual Development - Violet,Kane,IL
Association for Individual Development - Violet,DuPage,IL
Astoria Place,Kendall,IL
Astoria Place,Cook,IL
Astoria Place of Chicago,Cook,IL
Atria Glenview,Cook,IL
Atria Park of Glen Ellyn,DuPage,IL
Atria Park of Glen Ellyn,Cook,IL
Atria at River Trail,Will,IL
Atrium Health Care Center,Cook,IL
Atrium Health Care Center,DuPage,IL
Atrium Healthcare,Cook,IL
Auberge at Highland Park,Lake,IL
Auberge at Highland Park,Cook,IL
Auberge at Lake Zurich,Lake,IL
Auburn Rehab and Healthcare Center,Sangamon,IL
Auburn Rehab and Healthcare Center,Lake,IL
Austin Oasis,Cook,IL
Austin Oasis,Sangamon,IL
Autumn Fields-Savoy,Champaign,IL
Autumn Fields-Savoy,Cook,IL
Autumn Green at Midway Village,Cook,IL
Autumn Green at Midway Village,Champaign,IL
Autumn Green at Wright Campus,Cook,IL
Autumn Leaves of Gurnee,Lake,IL
Autumn Leaves of Gurnee,Cook,IL
Autumn Leaves of St. Charles,Kane,IL
Autumn Leaves of St. Charles,Lake,IL
Autumn Meadows,St. Clair,IL
Autumn Meadows,Kane,IL
Avantara,St. Clair,IL
Avantara,Lake,IL
Avantara Elgin,Kane,IL
Avantara Elgin,Lake,IL
Avantara Evergreen Park,Cook,IL
Avantara Evergreen Park,Kane,IL
Avantara Long Grove,Lake,IL
Avantara Long Grove,Cook,IL
Avantara Park Ridge,Cook,IL
Avantara Park Ridge,Kane,IL
Avantara of Aurora,Kane,IL
Avantara of Elgin,Kane,IL
Avantara of Elgin,Lake,IL
Avanti Nursing and Rehab,Cook,IL
Avanti Wellness & Rehabilitation,Cook,IL
Avenues to Independence,Cook,IL
Aviston Countryside Manor,Clinton,IL
Aviston Countryside Manor,Cook,IL
Avondale Estates of Elgin,Kane,IL
Avondale Estates of Elgin,Clinton,IL
Avonlea Cottage Sterling,Whiteside,IL
Axelson Assisted Living,Kane,IL
Axelson Assisted Living,Cook,IL
Azira Place of Lake Zurich,Lake,IL
Azira Place of Lake Zurich,Cook,IL
Azpira Place of Lake Zurich,Lake,IL
BRIA of Belleville,St. Clair,IL
BRIA of Belleville,Cook,IL
BRIA of Chicago Heights,Cook,IL
BRIA of Chicago Heights,St. Clair,IL
Balmoral Care Center,Lake,IL
Balmoral Home,Cook,IL
Balmoral Home,Lake,IL
Barry Community Care,Pike,IL
Barry Community Care,Cook,IL
Barton Senior Living,Cook,IL
Barton Senior Living,Pike,IL
Batavia Rehab,Cook,IL
Batavia Rehab,Kane,IL
Batavia Rehabilitation Center,Kane,IL
Bayside Terrace,Lake,IL
Bayside Terrace,Kane,IL
"Bayside Terrace, LLC",Lake,IL
Beacon Care Center,Cook,IL
Beacon Care Center,Lake,IL
Beacon Hill Lombard,DuPage,IL
Beacon Hill Lombard,Cook,IL
Beecher Manor,Will,IL
Beecher Manor,DuPage,IL
Beechwood Manor,Cook,IL
Beechwood Manor,Will,IL
Bella Terra Morton Grove,Cook,IL
Bella Terra Streamwood,Cook,IL
Bella Terra Wheeling,Cook,IL
Bellhaven Nursing and Rehabilitation,Cook,IL
Bellwood Development Center,Cook,IL
Bellwood Developmental Center,Cook,IL
Belmont Oak Park,Cook,IL
Belmont Village,Cook,IL
Belmont Village Senior Living,DuPage,IL
Belmont Village Senior Living,Lake,IL
Belmont Village Senior Living Carol Stream,DuPage,IL
Belmont Village Senior Living of Glenview,Cook,IL
Belmont Village Senior Living of Glenview,DuPage,IL
Belmont Village of Buffalo Grove,Lake,IL
Belmont Village of Buffalo Grove,Cook,IL
Benton Health Care,Franklin,IL
Benton Health Care,Cook,IL
Benton Rehab and Nusing,Franklin,IL
Berkeley Nursing and Rehabilitation Center,Cook,IL
Berkeley Nursing and Rehabilitation Center,Franklin,IL
Bethane Place,Cook,IL
Bethany Rehab and Health Care Center #2,DeKalb,IL
Bethany Rehab and Health Care Center #2,Cook,IL
Bethany Rehabilitation and Health Care Center,DeKalb,IL
Bethesda Rehab and Senior Care,Cook,IL
Bethesda Rehab and Senior Care,DeKalb,IL
Beverly Farm,Madison,IL
Beverly Farm,Cook,IL
Beverly Farm Foundation,Madison,IL
Bickford AL and Memory Care Crystal Lake,McHenry,IL
Bickford Cottage Assisted Living,McDonough,IL
Bickford Senior Center of Bourbonnais,Kankakee,IL
Bickford Senior Center of Bourbonnais,Cook,IL
Bickford Senior Living,Champaign,IL
Bickford Senior Living,Kankakee,IL
Bickford Senior Living,Peoria,IL
Bickford Senior Living of Peoria,Peoria,IL
Bickford Senior Living of Peoria,Champaign,IL
Bickford of Aurora,Kane,IL
Bickford of Aurora,Madison,IL
Bickford of BLoomington,McLean,IL
Bickford of BLoomington,Kane,IL
Bickford of Gurnee,Lake,IL
Bickford of St. Charles,Kendall,IL
Bickford of St. Charles,Kane,IL
Bickford of Tinley Park,Cook,IL
Bickford of Tinley Park,Kane,IL
Bickford of oswego,McLean,IL
Bickford of oswego,Kendall,IL
Big Meadows Nursing Home,Carroll,IL
Big Meadows Nursing Home,Peoria,IL
Birchwood Plaza,Carroll,IL
Birchwood Plaza,Cook,IL
Birchwood Plaza Nursing-Rehab,Cook,IL
Bloomington Rehabilitation and Health Care,McLean,IL
Bloomington Rehabilitation and Healthcare Center,McLean,IL
Bloomington Rehabilitation and Healthcare Center,Cook,IL
Bradford Place,St. Clair,IL
Bradford Place,McLean,IL
Bradford Place2,St. Clair,IL
Bradford Villa,Adams,IL
Bradford Villa,St. Clair,IL
Brandel Care Center,Cook,IL
Brandel Care Center,Adams,IL
Breese Nursing Home,Clinton,IL
Breese Nursing Home,Cook,IL
Bria Forest Edge,Cook,IL
Bria Forest Edge,Clinton,IL
Bria Place,Cook,IL
Bria Place,DuPage,IL
Bria Place of Indian Head Park,Cook,IL
Bria River Oaks,Cook,IL
Bria of Cahokia,St. Clair,IL
Bria of Geneva,Kane,IL
Bria of Geneva,Cook,IL
Bria of Palos Hills,Cook,IL
Bria of Palos Hills,Kane,IL
Bria of Westmont,DuPage,IL
Bria of Westmont,Cook,IL
Briarbrook & Harris Place,Cook,IL
Briarbrook & Harris Place,Tazewell,IL
Bridgeview HC,Cook,IL
Bridgeview HC,Tazewell,IL
Bridgeview Health Care Center,Cook,IL
Bridgeway Senior Living,DuPage,IL
Bridgeway of Bensenville,DuPage,IL
Bridgeway of Bensenville,Cook,IL
Bridgeway of Bensenville IL/AL,DuPage,IL
Bright Oaks,Kane,IL
Bright Oaks,DuPage,IL
Bright Oaks of Aurora,Kane,IL
Brightly Senior Living,St. Clair,IL
Brightly Senior Living,Kane,IL
Brighton Garden of St Charles,Kane,IL
Brighton Garden of St Charles,St. Clair,IL
Brighton Gardens,Kane,IL
Brighton Gardens of Wheaton,Kane,IL
Brighton Gardens of Wheaton,DuPage,IL
Brookdale - Hawthorn Lakes,Lake,IL
Brookdale - Hawthorn Lakes,DuPage,IL
Brookdale - Lake Shore,Cook,IL
Brookdale - Lake Shore,Lake,IL
Brookdale Assisted living,Cook,IL
Brookdale Burr Ridge,DuPage,IL
Brookdale Burr Ridge,Cook,IL
Brookdale Des Plaines,Cook,IL
Brookdale Des Plaines,DuPage,IL
Brookdale Glen Ellyn,DuPage,IL
Brookdale Glen Ellyn,Cook,IL
Brookdale Hoffman Estates,Cook,IL
Brookdale Hoffman Estates,DuPage,IL
Brookdale Lisle,DuPage,IL
Brookdale Lisle,Cook,IL
Brookdale Lisle Assisted and Independent Living,DuPage,IL
Brookdale Northbrook,Cook,IL
Brookdale Northbrook,DuPage,IL
Brookdale Orland Park,Cook,IL
Brookdale Prospect Heights,Cook,IL
Brookdale Urbana,Champaign,IL
Brookdale Urbana,Cook,IL
Brookdale Vernon Hills,Lake,IL
Brookdale Vernon Hills,Champaign,IL
Brookdale- Hawthorn Lakes,Lake,IL
Brookdale- Lakeshore,Cook,IL
Brookdale- Lakeshore,Lake,IL
Brookstone Estates,Wayne,IL
Brookstone Estates North,Cook,IL
Brookstone Estates North,Coles,IL
Brookstone Estates Senior Living,Champaign,IL
Brookstone of Aledo,Mercer,IL
Brookstone of Aledo,Coles,IL
Brother James Court,Sangamon,IL
Brother James Court,Mercer,IL
Bryan Manor,Marion,IL
Bryan Manor,Sangamon,IL
Bryn Mawr Care,Cook,IL
Bryn Mawr Care,Marion,IL
Buckingham Pavilion,Cook,IL
Burbank Rehab - Vera Care Stickney,Cook,IL
Burbank Rehabilitation,Cook,IL
Burbank Rehabilitation Center,Cook,IL
Burgess Square Healthcare & Rehab Center,Cook,IL
Burgess Square Healthcare & Rehab Center,DuPage,IL
Burr Ridge Senior Living,DuPage,IL
CASEYVILLE CARE CENTER,St. Clair,IL
CASEYVILLE CARE CENTER,White,IL
CTF Charleston,McHenry,IL
CTF Charleston,Coles,IL
CTF Illinois,Coles,IL
CTF Polk CILA,Coles,IL
Caledonia Senior Living & Memory Care,Cook,IL
Caledonia Senior Living & Memory Care,DuPage,IL
Calhoun Nursing and Rehabilitation,Calhoun,IL
California Gardens,Cook,IL
California Gardens Nursing and Rehabilitation Cent,Cook,IL
Calumet City Terrace,Cook,IL
Cambridge House,St. Clair,IL
Cambridge House,Cook,IL
Cambridge House Swansea,St. Clair,IL
Cambridge House of Maryville,Madison,IL
Cambridge House of Maryville,St. Clair,IL
Cambridge House of OFallon2,Madison,IL
Cambridge House of OFallon2,St. Clair,IL
Camelot Northwest Center for Autism (NWCA),St. Clair,IL
Captain James A Lovell FHCC CLC,DeKalb,IL
Captain James A Lovell FHCC CLC,Lake,IL
Care Center at Center Grove,Madison,IL
Care Center at Center Grove,Lake,IL
Carle Richland Memorial Hospital Long Term Care,Richland,IL
Carle Richland Memorial Hospital Long Term Care,Madison,IL
Carlinville Heritage Health,Macoupin,IL
Carlinville Heritage Health,Richland,IL
Carlinville Rehabilitation and Health Care Center,Macoupin,IL
Carlton at the Lake,Cook,IL
Carlton at the Lake,Macoupin,IL
Carlyle HealthCare Center,Clinton,IL
Carlyle HealthCare Center,Cook,IL
Carlyle Healthcare Center,Clinton,IL
Carmi Manor,White,IL
Carmi Manor,Clinton,IL
"Carriage Crossing Senior Living-Arcola, Illinois",Douglas,IL
Carriage Rehab and Healthcare (2),Winnebago,IL
Caseyville Care Center2,St. Clair,IL
Cedar Lake,Lake,IL
Cedar Lake,St. Clair,IL
Cedar Ridge,St. Clair,IL
Cedar Ridge,Lake,IL
Cedar Ridge2,St. Clair,IL
Cedarhurst,Adams,IL
Cedarhurst,St. Clair,IL
Cedarhurst Assisted Living and Memory Care,Sangamon,IL
Cedarhurst Assisted Living and Memory Care,Adams,IL
Cedarhurst Memory Care of Centralia,Sangamon,IL
Cedarhurst Memory Care of Centralia,Marion,IL
Cedarhurst Naperville,DuPage,IL
Cedarhurst Naperville,Marion,IL
Cedarhurst Senior Living,Sangamon,IL
Cedarhurst Senior Living,Monroe,IL
Cedarhurst Senior Living -Waterloo,Monroe,IL
Cedarhurst Senior Living -Waterloo,Sangamon,IL
Cedarhurst of Bethalto,Madison,IL
Cedarhurst of Bethalto,DuPage,IL
Cedarhurst of Breese,Clinton,IL
Cedarhurst of Collinsville,Madison,IL
Cedarhurst of Edwardsville,Madison,IL
Cedarhurst of Godfrey,Madison,IL
Cedarhurst of Granite City,Madison,IL
Cedarhurst of Greenville,Bond,IL
Cedarhurst of Greenville,Madison,IL
Cedarhurst of Highland,Madison,IL
Cedarhurst of Highland,Bond,IL
Cedarhurst of Jacksonville,Morgan,IL
Cedarhurst of Jacksonville,Madison,IL
Cedarhurst of Naperville,DuPage,IL
Cedarhurst of Naperville,Morgan,IL
Cedarhurst of Shiloh,St. Clair,IL
Cedarhurst of Shiloh,DuPage,IL
Cedarhurst of Shiloh2,St. Clair,IL
Cedarhurst of Sparta,Randolph,IL
Cedarhurst of Sparta,St. Clair,IL
Cedarhurst of Waterloo,Monroe,IL
Cedarhurst of Waterloo,Randolph,IL
Cedarhurst of Yorkville,Kendall,IL
Centennial Care Center,Rock Island,IL
Centennial Care Center,Monroe,IL
Centennial Pointe,Sangamon,IL
Centennial Pointe,Rock Island,IL
Center Home for Hispanic Elderly,Cook,IL
Center Home for Hispanic Elderly,Sangamon,IL
Central Baptist Village,Cook,IL
Central Nursing Home,Cook,IL
Central Plaza,Cook,IL
Centralia Manor,Marion,IL
Centralia Manor,Cook,IL
Century Assisted Living,Marion,IL
Century Assisted Living,Jackson,IL
Chaddock,Adams,IL
Chaddock,Jackson,IL
Chalet Living And Rehab Center,Cook,IL
Chalet Living and Rehab,Cook,IL
Chalet Living and Rehab,Adams,IL
Champaign Urbana Nursing and Rehab,Champaign,IL
Champaign Urbana Nursing and Rehab,Cook,IL
Champaign-Urbana Nursing and Rehab,Champaign,IL
Charleston Rehab and Healthcare,Coles,IL
Charleston Rehab and Healthcare,Champaign,IL
Charleston Rehabilitation and Healthcare,Coles,IL
Charter Senior Living LLC,Lake,IL
Charter Senior Living LLC,Coles,IL
"Charter Senoir Living, The Cottages",Will,IL
"Charter Senoir Living, The Cottages",Lake,IL
Chateau Center Nursing & Rehabilitation,DuPage,IL
Chateau Center Nursing & Rehabilitation,Will,IL
Cherryvale Place,Winnebago,IL
Chicago Ridge Nursing and Rehab,Cook,IL
Chicago Ridge Nursing and Rehab,DuPage,IL
Christian Buehler Home,Peoria,IL
Christian Buehler Home,Cook,IL
Christian Nursing Home,Logan,IL
Christian Nursing Home,Peoria,IL
Cisne Rehab and Health Care Center,Wayne,IL
Cisne Rehab and Health Care Center,Logan,IL
Citadel Care Center of Kankakee,Kankakee,IL
Citadel Care Center of Kankakee,Wayne,IL
Citadel Estates of Hazel Crest,Cook,IL
Citadel of Elgin,Kane,IL
Citadel of Elgin,Kankakee,IL
Citadel of Kankakee,Kankakee,IL
Citadel of Kankakee,Kane,IL
Citadel of Northbrook,Cook,IL
Citadel of Northbrook,Kankakee,IL
Citadel of Skokie,Cook,IL
Citadel of Skokie  (3),Cook,IL
Citadel of Sterling,Whiteside,IL
Citadel of Sterling,Cook,IL
Citadel of Warren Park,Cook,IL
Citadel of Warren Park,Whiteside,IL
Citadel of Waterford,Cook,IL
Citadel of Wilmette,Cook,IL
City View Multi Care Center,Cook,IL
Clarendale of Addison,DuPage,IL
Clarendale of Addison,Cook,IL
Clarendale of Mokena,Will,IL
Clarendale of Mokena,DuPage,IL
Claridge Health Center,Lake,IL
Claridge Health Center,Will,IL
Claridge Heathcare Center,Lake,IL
Clark Manor,Cook,IL
Clark Manor,Lake,IL
Clear Oaks Senior Living,Cook,IL
Clearbrook Center,Cook,IL
Clearbrook West,Cook,IL
Clinton Manor Living Center,Cook,IL
Clinton Manor Living Center,Clinton,IL
Clinton Manor Living Facility,Clinton,IL
Collinsville Rehabilitation and Healthcare,Madison,IL
Collinsville Rehabilitation and Healthcare,Clinton,IL
Colonial Manor,Vermilion,IL
Colonial Manor,Madison,IL
Colonnade,St. Clair,IL
Colonnade,Vermilion,IL
Community Care Nursing Home,Cook,IL
Community Care Nursing Home,St. Clair,IL
Community Link Assisted Living Facility Aviston,Cook,IL
Concord  Place,Clinton,IL
Concord  Place,Cook,IL
Concord Place,Cook,IL
Concordia Village Assisted Living,Sangamon,IL
Concordia Village Senior,Sangamon,IL
Concordia Village Senior,Cook,IL
Continental Nursing #2,Cook,IL
Continental Nursing #2,Sangamon,IL
Continental Nursing and Rehabilitation Center,Cook,IL
Copper Creek Cottages,Coles,IL
Copper Creek Cottages,Cook,IL
Cor Mariae,Winnebago,IL
Cor Mariae,Coles,IL
Cornerstone Rehabilitation and Health Care,Peoria,IL
Cottages of Fox Lake,Lake,IL
Cottages of Fox Lake,Winnebago,IL
Coulterville Rehabilitation & Health Care Center,Randolph,IL
Coulterville Rehabilitation & Health Care Center,Lake,IL
Country Club Terrace,Cook,IL
Country Club Terrace,Randolph,IL
Country Health & Rehab,Cook,IL
Country Health & Rehab,Champaign,IL
Country Health and Rehab,Champaign,IL
Country Side Manor,Jefferson,IL
Country Side Manor,Champaign,IL
Countryside Nursing and Rehab Center,Cook,IL
Countryside Nursing and Rehab Center,Jefferson,IL
Countryview Care Center of Macomb,McDonough,IL
Countryview Care Center of Macomb,Cook,IL
Courtyard Estates,McDonough,IL
Courtyard Estates,Moultrie,IL
Courtyard Estates of Farmington,Fulton,IL
Courtyard Estates of Knoxville,Knox,IL
Courtyard Estates of Knoxville,McDonough,IL
Courtyard Estates of Monmouth,Warren,IL
Courtyard Estates of Monmouth,Knox,IL
Covenant Enabling Residence,Cook,IL
Covenant Enabling Residence,Warren,IL
Covenant Home of Chicago,Cook,IL
Coventry Living Center,Whiteside,IL
Crestwood Terrace,Cook,IL
Crimson Pointe,Winnebago,IL
Crimson Pointe Senior Living,Winnebago,IL
Crimson Pointe Senior Living,Cook,IL
Cross Roads Care Center,McHenry,IL
Cross Roads Care Center,Winnebago,IL
Crossroads Care Center,McHenry,IL
Crystal Pines Rehabilitation & Hlth Care Facility,McHenry,IL
Cumberland Rehab and HCC,Cumberland,IL
Curtiss Court,Sangamon,IL
DD Homes,Cook,IL
DSC Service Center,Marion,IL
Dammert Center/The Esquiline2,Coles,IL
Dammert Center/The Esquiline2,St. Clair,IL
"David Webb, Jr. Senior Living Complex",Cook,IL
"David Webb, Jr. Senior Living Complex",St. Clair,IL
Davies Square,Tazewell,IL
DeKalb County Rehab and Nursing,DeKalb,IL
DeKalb County Rehab and Nursing,Cook,IL
Deer Path of Huntley,Kane,IL
Dixon Healthc,Lee,IL
Dixon Healthc,DeKalb,IL
Dobson Plaza,Cook,IL
Dobson Plaza,Lee,IL
Doctors Nursing and Rehab Center,Marion,IL
Doctors Nursing and Rehab Center,Cook,IL
DuPage Care Center,DuPage,IL
DuPage Care Center,Kane,IL
DuQuoin Nursing and Rehab,Perry,IL
Dunham Rehab & Healthcare,Kane,IL
Dunham Rehab & Healthcare,Champaign,IL
Dunham Rehabilitation Center,Kane,IL
ELEVATE CARE WAUKEGAN,Lake,IL
EP!C,Peoria,IL
EP!C,Mason,IL
Eagle Ridge Assisted Living Center,Macon,IL
Eagle Ridge Assisted Living Center,DuPage,IL
Eagles View Supportive Living and Memory Care,Champaign,IL
Eagles View Supportive Living and Memory Care,Macon,IL
East Bank Center,Winnebago,IL
East Bank Center,Champaign,IL
Eastgate Manor,McHenry,IL
Eastgate Manor of Algonquin,McHenry,IL
Eastgate Manor of Algonquin,Winnebago,IL
Eastside Health & Rehab,Pike,IL
Eastside Health & Rehab,McHenry,IL
Eastview Terrace,Moultrie,IL
Eden Supportive Living,Cook,IL
Eden Supportive Living,Kane,IL
Eden Supportive Living,Pike,IL
Eden Village Care Center,Madison,IL
Eden Village Care Center,Kane,IL
Eden Village Retirement Communtiy,Madison,IL
Edward Hines VA Community Living Center,Cook,IL
Edward Hines VA Community Living Center,Madison,IL
Edwardsville Care Center,Madison,IL
Edwardsville Care Center,Cook,IL
Edwardsville Terrace,Madison,IL
Effingham Rehab & Health Care Ctr,Effingham,IL
Ekstam Assisted Living,Madison,IL
Ekstam Assisted Living,Kane,IL
El Paso Health Care Center,Woodford,IL
El Valor,Cook,IL
El Valor,Kane,IL
Eldorado Rehab and Healthcare,Saline,IL
Eldorado Rehab and Healthcare,Cook,IL
Elevate Care Chicago North,Cook,IL
Elevate Care Chicago North,Saline,IL
Elevate Care Irving Park,Cook,IL
Elevate Care Niles,Cook,IL
Elevate Care North Branch,Cook,IL
Elevate Care Northbrook,Cook,IL
Elevate Care Riverwoods,Lake,IL
Elevate Care Riverwoods,Cook,IL
Elevate Care South Holland,Cook,IL
Elevate Care South Holland,Lake,IL
Elevate Care Waukegan,Lake,IL
Elevate Care Waukegan,Cook,IL
Elevate Saint Andrew,Cook,IL
Elevate Saint Andrew,Lake,IL
Elmwood Nursing and Rehab,Madison,IL
Elmwood Nursing and Rehab,Cook,IL
Elmwood Terrace,Kane,IL
Elmwood Terrace,Madison,IL
Emerald Glen,Richland,IL
Emerald Glen,Kane,IL
Emerald Place Memory Care,Cook,IL
Emerald Place Memory Care,Richland,IL
Ems Haven of Rest,Cook,IL
Ems Haven of Rest,Mason,IL
Envision,Cook,IL
Estates of Hyde Park,Cook,IL
Estates of Hyde Park,Peoria,IL
Evenglow Inn,Livingston,IL
Evenglow Lodge,Livingston,IL
Evenglow Lodge,Cook,IL
Evergreen Place,Champaign,IL
Evergreen Place,Madison,IL
Evergreen Place,Livingston,IL
Evergreen Place Supportive Living,Madison,IL
Evergreen Place Supportive Living,Cass,IL
Evergreen Senior Living,Cook,IL
Evergreen Senior Living,Macon,IL
Evergreen Senior Living,Peoria,IL
Evergreen Senior Living,Cass,IL
Evergreen Village: Supportive Care,McLean,IL
Exceptional Care and Training Center,Whiteside,IL
Exceptional Care and Training Center,Peoria,IL
Fair Havens Senior Living Facility,Macon,IL
Fair Havens Senior Living Facility,Whiteside,IL
Fair Oaks,McHenry,IL
Fair Oaks Health Care Center,McHenry,IL
Fair Oaks Health Care Center,Macon,IL
Fair Oaks Rehabilitation and Health Care Center,Winnebago,IL
Fair Oaks Rehabilitation and Health Care Center,McHenry,IL
Fairfield Memorial Hospital,Wayne,IL
Fairfield Memorial Hospital,Winnebago,IL
Fairhaven Christian Retirement Center,Winnebago,IL
Fairhaven Christian Retirement Center,Wayne,IL
Fairhaven Christian Retirement Center (2),Winnebago,IL
Fairhavens Senior Living,Macon,IL
Fairhavens Senior Living,Winnebago,IL
Fairhavens Senior Living Facility,Macon,IL
Fairmont Care,Cook,IL
Fairmont Care,Macon,IL
Fairmont Care Center,Cook,IL
Fairview Haven,Livingston,IL
Fairview Nursing and Rehab,Perry,IL
Faith Countryside,Madison,IL
Faith Countryside,Cook,IL
Faith Coutryside Homes Assisted Living,Madison,IL
Farmington County Manor,Fulton,IL
Farmington County Manor,Madison,IL
Fifth Season,Fulton,IL
Fifth Seasons,Williamson,IL
Fifth Seasons Assisted Living,Williamson,IL
Fireside House of Centralia,Marion,IL
Fireside House of Centralia,Williamson,IL
Flora Gardens,Clay,IL
Flora Gardens,Marion,IL
Flora Rehabilitation,Clay,IL
Florence Nursing Home,McHenry,IL
Florence Nursing Home,Clay,IL
Fondulac Rehab & HCC,Tazewell,IL
Forest City Rehab and Nursing,Winnebago,IL
Forest City Rehab and Nursing,McHenry,IL
Forest View Rehabilitation & Nursing Center,DuPage,IL
Forest View Rehabilitation & Nursing Center,Winnebago,IL
Forestview Rehabilitation & Nursing Center,DuPage,IL
Fort Armstrong,Rock Island,IL
Fort Armstrong,DuPage,IL
Foster Health & Rehab,Cook,IL
Foster Health & Rehab,Rock Island,IL
Fountain View Manor,Madison,IL
Four Fountains,St. Clair,IL
Four Fountains,Cook,IL
Four Fountains2,St. Clair,IL
Fox Knoll,Kane,IL
Fox Point Assisted Living,Kane,IL
Fox Point Assisted Living,McHenry,IL
Fox Point Memory Care,McHenry,IL
Fox River Rehab and Healthcare,Kane,IL
Fox River Rehab and Healthcare,McHenry,IL
Fox River Rehabilitation and Healthcare Center,Kane,IL
Fox knoll,Kane,IL
Fox knoll,St. Clair,IL
Franciscan Court Supportive Living,DuPage,IL
Franciscan Court Supportive Living,Kane,IL
Franciscan Village,Cook,IL
Franciscan Village,DuPage,IL
Franciscan Village - Mother Teresa House,Cook,IL
Frankfort Terrace,Will,IL
Frankfort Terrace,Cook,IL
Franklin Grove Living and Rehabilitation,Will,IL
Franklin Grove Living and Rehabilitation,Lee,IL
Freeburg  Care  Center,St. Clair,IL
Freeburg  Care  Center,Lee,IL
Freeburg Care Center,St. Clair,IL
Freeburg Terrace,St. Clair,IL
Friendship Manor,Rock Island,IL
Friendship Manor,St. Clair,IL
Friendship Village LTC,Cook,IL
Friendship Village LTC,Rock Island,IL
Friendship Village of Schaumburg,Cook,IL
GOLFVIEW DEVELOPMENTAL CENTER,Cook,IL
Galena Stauss Nursing Home,Jo Daviess,IL
Galena Stauss Nursing Home,Cook,IL
Galena Stauss Senior Care,Jo Daviess,IL
Garden Center Services-home facility,Cook,IL
Garden Center Services-home facility,Jo Daviess,IL
Garden Place Independant & Assisted Living,Monroe,IL
Garden Place Independant & Assisted Living,Cook,IL
Garden Place Red Bud,Randolph,IL
Gardenview Manor,Vermilion,IL
Gardenview Manor,Monroe,IL
Gateway at River City,Peoria,IL
Gateway at River City,Vermilion,IL
Generations At Neighbors,Ogle,IL
Generations At Neighbors,Logan,IL
Generations At Oakton,Cook,IL
Generations At Oakton,Ogle,IL
Generations Riverview SNF,Tazewell,IL
Generations Riverview Senior Living,Tazewell,IL
Generations Riverview Senior Living,Rock Island,IL
Generations at Applewood,Cook,IL
Generations at Applewood,Peoria,IL
Generations at Elmwood Park,Cook,IL
Generations at Lincoln,Logan,IL
Generations at Lincoln,Cook,IL
Generations at Neighbors,Ogle,IL
Generations at Peoria,Peoria,IL
Generations at Peoria,Cook,IL
Generations at Regency,Cook,IL
Generations at Regency,Peoria,IL
Generations at Riverview,Tazewell,IL
Generations at Riverview,Cook,IL
Generations of Peoria,Peoria,IL
Generations of Peoria,Tazewell,IL
Generations of Rock Island,Rock Island,IL
Generations of Rock Island,Peoria,IL
Gibson Area Hospital Annex,Ford,IL
Gibson Area Hospital Annex,Tazewell,IL
Gillespie Heritage Health,Macoupin,IL
Gillespie Heritage Health,Ford,IL
Gilman Health Care Center,Iroquois,IL
Gilman Health Care Center,Macoupin,IL
Glenkirk Acorn CILA,Lake,IL
Glenkirk Acorn CILA,Iroquois,IL
Glenkirk West Shore CILA,Lake,IL
Glenview Terrace,Cook,IL
Glenview Terrace,Lake,IL
Glenwood Health Care & Rehab,Cook,IL
Glenwood Terrace,Sangamon,IL
Golden Good Shepperd Home,Adams,IL
Golden Good Shepperd Home,Cook,IL
Golfview Developmental Center,Cook,IL
Golfview Developmental Center,Adams,IL
Good Sam - Prophets Riverview,Whiteside,IL
Good Sam - Prophets Riverview,Cook,IL
Good Samaritan Home,Adams,IL
Good Samaritan Home,Whiteside,IL
Good Samaritan Rehabilitation/Healthcare,Livingston,IL
Good Samaritan Rehabilitation/Healthcare,Adams,IL
Good Shepherd Manor,Cook,IL
Good Shepherd Manor,Livingston,IL
Grace Point Place Memory Care,Cook,IL
Grand Regency of Rockford,Winnebago,IL
Grand Regency of South Shore,Cook,IL
Grand View Alzheimers Special Care Center,Peoria,IL
Grand View Alzheimers Special Care Center,Cook,IL
Granite Nursing and Rehabilitation Center,Madison,IL
Granite Nursing and Rehabilitation Center,Peoria,IL
Greek American Rehab & Care,Cook,IL
Greek American Rehab & Care,Madison,IL
Green House Homes at Clark-Lindsey,Champaign,IL
Green House Homes at Clark-Lindsey,Cook,IL
GreenFields of Geneva,Kane,IL
GreenFields of Geneva,Champaign,IL
GreenTree at Mt. Vernon,Jefferson,IL
GreenTree at Mt. Vernon,Kane,IL
Greenfields of Geneva,Kane,IL
Greenview Place Senior Living,Cook,IL
Greenview Place Senior Living,Jefferson,IL
Greenville Nursing & Rehab,Bond,IL
Greenville Nursing & Rehab,Cook,IL
Greenwood Care-Evanston,Cook,IL
Greenwood Care-Evanston,Bond,IL
Greykin House,Cook,IL
Grosse Pointe Manor,Cook,IL
Grosse Pointe Manor,Macoupin,IL
Grove of Skokie 2.0,Cook,IL
Grove of St. Charles,Kane,IL
Grove of St. Charles,Cook,IL
Gurnee Meadows,Lake,IL
Gurnee Meadows,Kane,IL
Hallmark Healthcare of Carlinville,Lake,IL
Hallmark Healthcare of Carlinville,Macoupin,IL
Hallmark House Nursing Center,Tazewell,IL
Hammond Henry District HSP,Henry,IL
Harbor Chase of Naperville,DuPage,IL
Harbor Chase of Naperville,Macoupin,IL
Harbor Chase of Naperville Assisted Living,DuPage,IL
Harbor Chase of Plainfield,Will,IL
Harbor Chase of Plainfield,DuPage,IL
Harbor Crest,Whiteside,IL
Harbor Crest,Will,IL
Harbor House Memory Care,Cook,IL
Harbor House Memory Care,Whiteside,IL
Harmony Healthcare and Rehab,Cook,IL
Harvest View Senior Living,Kankakee,IL
Harvest View Senior Living,Cook,IL
Harvester Place Memory Care,DuPage,IL
Harvester Place Memory Care,Kankakee,IL
Havana Health Care,Mason,IL
Havana Health Care,DuPage,IL
Havana Health Care Center,Mason,IL
Hawthorne Inn,Vermilion,IL
Hawthorne Inn,Mason,IL
Hawthorne Inn,Knox,IL
Hawthorne Inn Assisted Living,LaSalle,IL
Hawthorne Inn Assisted Living,Vermilion,IL
Hawthorne Terrace,Knox,IL
Hawthorne Terrace,LaSalle,IL
Hearthstone Manor,McHenry,IL
Hearthstone Manor,Knox,IL
Hearthstone Manor  (2),McHenry,IL
Hearthstone Manor #3,McHenry,IL
Hearthstone Manor (2),McHenry,IL
Hearthstone Village,McHenry,IL
Heartis Village Orland Park,Cook,IL
Heartis Village of Orland Park,Cook,IL
Heartis Village of Orland Park,McHenry,IL
Heartland Health,Knox,IL
Heartland Health,Cook,IL
Heartland Health Care Center,McDonough,IL
Heartland Health Care Center,Knox,IL
Heartland Healthcare Center Moline,Rock Island,IL
Heartland Healthcare Center Moline,McDonough,IL
Heartland Heath care- Henry,Bureau,IL
Heartland Manor Nursing home,Clark,IL
Heartland Manor Nursing home,Rock Island,IL
Heartland Senior Living,Cumberland,IL
Heartland Senior Living,Clark,IL
Heather Manor Nursing & Rehabilitation Center,Cook,IL
Heather Manor Nursing & Rehabilitation Center,Cumberland,IL
Helia Healthcare Frankfort Care Center,Franklin,IL
Helia Healthcare Frankfort Care Center,Cook,IL
Helia Healthcare of  West Frankfort,Franklin,IL
Helia Healthcare of Benton,Franklin,IL
Helia Healthcare of Energy,Williamson,IL
Helia Healthcare of Olney,Richland,IL
Helia Healthcare of Olney,Franklin,IL
Henderson County Retirement Center,Henderson,IL
Heritage Health,Cass,IL
Heritage Health,Macoupin,IL
Heritage Health,Brown,IL
Heritage Health,Peoria,IL
Heritage Health,Crawford,IL
Heritage Health,Vermilion,IL
Heritage Health,Bureau,IL
Heritage Health,Richland,IL
Heritage Health,Kane,IL
Heritage Health - Dwight,Livingston,IL
Heritage Health - Dwight,Vermilion,IL
Heritage Health - Gibson City,Ford,IL
Heritage Health - Staunton,Macoupin,IL
Heritage Health - Staunton,Livingston,IL
Heritage Health Bloomington,Macoupin,IL
Heritage Health Bloomington,McLean,IL
Heritage Health Care Center,Morgan,IL
Heritage Health Care Center,McLean,IL
Heritage Health El Paso,Woodford,IL
Heritage Health El Paso,Morgan,IL
Heritage Health Jacksonville,Morgan,IL
Heritage Health Jacksonville,Woodford,IL
Heritage Health Mendota,LaSalle,IL
Heritage Health Mendota,Morgan,IL
Heritage Health Peru,LaSalle,IL
Heritage Health Peru,Christian,IL
Heritage Health Springfield,Sangamon,IL
Heritage Health Springfield,LaSalle,IL
Heritage Health Staunton,Macoupin,IL
Heritage Health Streator,LaSalle,IL
Heritage Health Streator,Sangamon,IL
Heritage Health Therapy and Senior Care,Kane,IL
Heritage Health Therapy and Senior Care,LaSalle,IL
Heritage Health of Normal,McLean,IL
Heritage Health of Normal,LaSalle,IL
Heritage Health of Pana,Christian,IL
Heritage Health of Pana,McLean,IL
Heritage Health: Therapy & Senior Care - Springfie,Sangamon,IL
Heritage Health: Therapy & Senior Care - Springfie,Kane,IL
Heritage Home Of Litchfield,Montgomery,IL
Heritage Square,Lee,IL
Heritage Village,Kankakee,IL
Heritage Village,Boone,IL
Heritage Wood and White Oaks of South Elgin,Kane,IL
Heritage Wood and White Oaks of South Elgin,Kankakee,IL
Heritage Woods,Cook,IL
Heritage Woods,Stephenson,IL
Heritage Woods,Kane,IL
Heritage Woods,Livingston,IL
Heritage Woods White Oaks and Huntley,Kane,IL
Heritage Woods White Oaks and Huntley,Whiteside,IL
Heritage Woods and White Oaks of Huntley,Kane,IL
Heritage Woods and White Oaks of Huntley,Stephenson,IL
Heritage Woods of Batavia,Kane,IL
Heritage Woods of Belvidere,Kane,IL
Heritage Woods of Belvidere,Boone,IL
Heritage Woods of Benton,Boone,IL
Heritage Woods of Benton,Franklin,IL
Heritage Woods of Bolingbrook,Will,IL
Heritage Woods of Bolingbrook,Franklin,IL
Heritage Woods of Centralia,Marion,IL
Heritage Woods of Centralia,Will,IL
Heritage Woods of DeKalb,DeKalb,IL
Heritage Woods of DeKalb,Marion,IL
Heritage Woods of Flora,Clay,IL
Heritage Woods of Flora,DeKalb,IL
Heritage Woods of Gurnee,Lake,IL
Heritage Woods of Gurnee,Clay,IL
Heritage Woods of Manteno,Kankakee,IL
Heritage Woods of Moline,Rock Island,IL
Heritage Woods of Moline,Lake,IL
Heritage Woods of Moline #2,Rock Island,IL
Heritage Woods of Ottawa,LaSalle,IL
Heritage Woods of Ottawa,Rock Island,IL
Heritage Woods of Plainfield,Will,IL
Heritage Woods of Plainfield,LaSalle,IL
Heritage Woods of South Elgin,Kane,IL
Heritage Woods of South Elgin,Will,IL
Heritage of Woods,Boone,IL
Heritage of Woods,Sangamon,IL
Heritage woods of sterling,Kane,IL
Heritage woods of sterling,Whiteside,IL
Hickory Estates of Pana,Kane,IL
Hickory Estates of Pana,Christian,IL
Hickory Grove,Hancock,IL
Highland Healthcare,Madison,IL
Highland Healthcare,Christian,IL
Highland Oaks,Kane,IL
Highland Oaks,Madison,IL
Highview in the Woodlands (2),Winnebago,IL
Highview in the Woodlands (2),Kane,IL
Hillcrest Home,Henry,IL
Hillcrest Retirement Village,Lake,IL
Hillcrest Retirement Village,Winnebago,IL
Hillsboro Rehab And Healthcare,Montgomery,IL
Hillsboro Rehab And Healthcare,Lake,IL
Hillside Rehab and Care,Kendall,IL
Hillside Rehab and Care,Montgomery,IL
Hillside Rehab and Care Center,Kendall,IL
Hilltop Skilled Nursing,Coles,IL
Hilltop Skilled Nursing,Kendall,IL
Hillview Health Care Center,Johnson,IL
Hitz Memorial Home,Madison,IL
Hitz Memorial Home,Coles,IL
Holy Family Villa,Cook,IL
Holy Family Villa,Madison,IL
Hope Creek,Rock Island,IL
Hope Creek,Cook,IL
Hope School James Group Home,Sangamon,IL
Hope School James Group Home,Rock Island,IL
Hopedale Nursing Home,Sangamon,IL
Hopedale Nursing Home,Tazewell,IL
Illiana Va Medical,Vermilion,IL
Illiana Va Medical,Tazewell,IL
Illini Heritage Rehab And Health,Champaign,IL
Illini Heritage Rehab and Health,Champaign,IL
Illini Heritage Rehab and Health,Vermilion,IL
Illini Restorative Care,Rock Island,IL
Illini Restorative Care,Champaign,IL
Illini Restorative Care #2,Rock Island,IL
Illinois Veterans Home,Adams,IL
Illinois Veterans Home,Kankakee,IL
Illinois Veterans Home,Rock Island,IL
Illinois Veterans Home - Anna,Union,IL
Illinois Veterans Home - LaSalle,LaSalle,IL
Illinois Veterans Home - LaSalle,Kankakee,IL
Illinois Veterans Home Anna,Union,IL
Illinois Veterans Home Anna,LaSalle,IL
Illinois Veterans Home Manteno,Union,IL
Illinois Veterans Home Manteno,Kankakee,IL
Illinois Veterans Home Quincy,Adams,IL
Imboden Creek,Macon,IL
Imboden Creek,Kankakee,IL
Independence Spring Meadows Naperville,DuPage,IL
Independence Spring Meadows Naperville,Macon,IL
Integrity Care of Belleville,St. Clair,IL
Integrity Care of Belleville,DuPage,IL
Integrity Care of Belleville2,St. Clair,IL
Integrity Care of Smithton,St. Clair,IL
Integrity Healthcare Of Godfrey,Jackson,IL
Integrity Healthcare Of Godfrey,Madison,IL
Integrity Healthcare of Alton,Madison,IL
Integrity Healthcare of Alton,St. Clair,IL
Integrity Healthcare of Carbondale,Jackson,IL
Integrity Healthcare of Carbondale,Madison,IL
Integrity Healthcare of Herrin,Williamson,IL
Integrity Healthcare of Herrin,Madison,IL
Integrity Healthcare of Marion,Williamson,IL
Integrity Healthcare-Columbia Rehab & Care Center,Monroe,IL
Integrity Healthcare-Columbia Rehab & Care Center,Williamson,IL
Integrity of Anna,Union,IL
Integrity of Anna,Monroe,IL
Integrity of Cobden,Union,IL
Integrity of Godfrey,Madison,IL
Integrity of Godfrey,Union,IL
Inverness Health and Rehab,Cook,IL
Inverness Health and Rehab,Madison,IL
Inverness Health and Rehab Center,Cook,IL
Iroquois Resident Home,Iroquois,IL
Jack Mabley Center,Lee,IL
Jack Mabley Center,Cook,IL
Jack Mabley Developmental Center,Lee,IL
Jackson Park Assisted living,Cook,IL
Jackson Park Assisted living,Lee,IL
Jacksonville Skilled Nursing and Rehab Center,Morgan,IL
Jacksonville Skilled Nursing and Rehab Center,Cook,IL
Jennings Terrace,Kane,IL
Jennings Terrace,Morgan,IL
Jerseyville Estates,Jersey,IL
Jerseyville Estates,Kane,IL
Jerseyville Nursing and Rehab Facility,Jersey,IL
Joliet Terrace,Will,IL
Joliet Terrace,Jersey,IL
Jonesboro RHCC,Will,IL
Jonesboro RHCC,Union,IL
Joshua Arms,Will,IL
Kankakee Senior Life Assisted Living,Kankakee,IL
Kankakee Senior Life Assisted Living,Union,IL
Kankakee terrace,Kankakee,IL
Kensington Nursing Home,Knox,IL
Kensington Nursing Home,Kankakee,IL
Kensington Place Nursing And Rehabilitation Center,Cook,IL
Kensington Place Nursing And Rehabilitation Center,Knox,IL
Kepley House,Pike,IL
Kepley House,Cook,IL
Keshet House,Lake,IL
Kewanee Care Home,Henry,IL
Kiley Development Center,Lake,IL
Kiley Development Center,Pike,IL
Knollwood,St. Clair,IL
Knollwood,Lake,IL
Knox County Nursing Home,Knox,IL
Knox County Nursing Home,St. Clair,IL
Kreiders,Whiteside,IL
Kreiders,Knox,IL
LAKELAND REHABILITATION & HEALTH CARE,Effingham,IL
LAKELAND REHABILITATION & HEALTH CARE,Cook,IL
LAVENDER RIDGE MEMORY CARE,Richland,IL
LAVENDER RIDGE MEMORY CARE,Jefferson,IL
LITTLE SISTERS OF THE POOR ST MARYS HOME,Cook,IL
LaSalle County Nursing Home,LaSalle,IL
LaSalle County Nursing Home,Cook,IL
Lacey Creek Supportive Living,DuPage,IL
Lacey Creek Supportive Living,Whiteside,IL
Lake Barrington Woods,Lake,IL
Lake Barrington Woods,DuPage,IL
Lake Cook Rehab & Healthcare(formerly Rosewood),Cook,IL
Lake Cook Rehab & Healthcare(formerly Rosewood),Lake,IL
Lake Forest Place - Balmoral,Lake,IL
Lake Forest Place - Balmoral,Cook,IL
Lakefront Nursing,Cook,IL
Lakefront Nursing,Lake,IL
Lakeshore Rehab & Healthcare,Will,IL
Lakeshore Rehab & Healthcare,Effingham,IL
Lakeside Rehab,Tazewell,IL
Lakeside Rehab and Healthcare,Tazewell,IL
Lakeside Rehab and Healthcare,Will,IL
Lakeview Memory Care Community,DuPage,IL
Lakeview Memory Care Community,Tazewell,IL
Lakeview Nursing and Rehab,Cook,IL
Lakeview Nursing and Rehab,DuPage,IL
Lakewood Nursing Home,Will,IL
Lakewood Nursing Home,Cook,IL
Lambs Farm,Lake,IL
Lambs Farm,Will,IL
Lambs Farm Facilities/Nielsen House,Lake,IL
Lambs Farm Stone Apartments,Lake,IL
Landmark of Des Plaines,Cook,IL
Landmark of Des Plaines,Lake,IL
Landmark of Richton Park,Cook,IL
Lavender Ridge Jacksonville,Morgan,IL
Lavender Ridge Memory Care,Jefferson,IL
Lavender Ridge Memory Care,LaSalle,IL
Lebanon Care Center,St. Clair,IL
Lebanon Care Center,Richland,IL
Lee Manor Rehab and Nursing,Cook,IL
Lee Manor Rehab and Nursing,St. Clair,IL
Leeda Services,Cook,IL
Legacy Estates of Monmouth,Warren,IL
Lemont Center,Cook,IL
Lena Living Center,Stephenson,IL
Lewis Memorial Christian Village,Sangamon,IL
Lewis Memorial Christian Village,Cook,IL
Lexington Health Care Center of Chicago Ridge,Cook,IL
Lexington Health Care Center of Chicago Ridge,Sangamon,IL
Lexington Health Care Orland Park,Cook,IL
Lexington Healthcare of La Grange,Cook,IL
Lexington Of Chicago Ridge,Cook,IL
Lexington Of Lake Zurich,Lake,IL
Lexington Square Elmhurst AL/IL,DuPage,IL
Lexington Square Lombard,DuPage,IL
Lexington healthcare of Schaumburg,Cook,IL
Lexington of Bloomingdale,DuPage,IL
Lexington of Bloomingdale,Cook,IL
Lexington of Chicago Ridge,Cook,IL
Lexington of Chicago Ridge,DuPage,IL
Lexington of Elmhurst,DuPage,IL
Lexington of Elmhurst,Cook,IL
Lexington of Lake Zurich,Lake,IL
Lexington of Lake Zurich,DuPage,IL
Lexington of Lombard,DuPage,IL
Lexington of Lombard,Lake,IL
Lexington of Schaumburg,Cook,IL
Liberty Court,Lee,IL
Liberty Village,De Witt,IL
Liberty Village,Madison,IL
Liberty Village,DuPage,IL
Liberty Village Of Peoria,Peoria,IL
Liberty Village of Jerseyville,Jersey,IL
Liberty Village of Jerseyville,Madison,IL
Liberty Village of Maryville,Madison,IL
Liberty Village of Maryville,Jersey,IL
Liberty Village of Peru - Manor Court,LaSalle,IL
Liberty Village of Peru - Manor Court,Madison,IL
Liberty Village of Peru-Hawthorne Inn,LaSalle,IL
Liberty Village of Pittsfield,LaSalle,IL
Liberty Village of Pittsfield,Pike,IL
Liberty Village of Princeton,Pike,IL
Liberty Village of Princeton,Bureau,IL
Liberty Village of Rochelle,Bureau,IL
Liberty Village of Rochelle,Ogle,IL
Libertyville Manor,Lake,IL
Libertyville Manor,Ogle,IL
Lieberman Geriatric Center,Cook,IL
Lieberman Geriatric Center,Lake,IL
Lifes Journey,Christian,IL
Lifes Journey,Cook,IL
Lincolnshire Place,Macon,IL
Lincolnshire Place,Christian,IL
Lincolnshire Place,DeKalb,IL
Lincolnshire Place,Winnebago,IL
Lincolnwood Place,Cook,IL
Lincolnwood Place,Macon,IL
Little Sisters of the Poor/St. Marys Home,Cook,IL
Little Village Nursing Home,Cook,IL
Ludeman Center,Cook,IL
Ludeman Developmental Center,Cook,IL
Luther Center Assisted Living,Winnebago,IL
Luther Center Assisted Living,Cook,IL
Luther Oakes,McLean,IL
Luther Oakes,Winnebago,IL
Lutheran Care Center,Effingham,IL
Lutheran Care Center,McLean,IL
Lutheran Hillside Village,Peoria,IL
Lutheran Hillside Village,Effingham,IL
Lutheran Home,Cook,IL
Lutheran Home,Peoria,IL
Lutheran care Center,Effingham,IL
Lydia Health Care Center,Cook,IL
MADO Healthcare Uptown,Cook,IL
MADO Healthcare Uptown #2,Cook,IL
MILESTONE-ELMWOOD HEIGHTS,Winnebago,IL
MacNeal Memorial Hospital Rehab/LTC,Cook,IL
Madden Mental Health Center,Cook,IL
Manor Care,Cook,IL
Manor Care,Lake,IL
Manor Care Health Services- Palos Heights West,Cook,IL
Manor Care Health Services-Homewood,Cook,IL
Manor Care Oak Lawn EAST. Cook,Cook,IL
Manor Care Palos Heights East,Cook,IL
Manor Care Palos Heights East,Lake,IL
Manor Care at Arlington Heights,Cook,IL
Manor Care at Arlington Heights,Lake,IL
Manor Care of Libertyville,Lake,IL
Manor Care of Libertyville,Cook,IL
Manor Court,Stephenson,IL
Manor Court,Cook,IL
Manor Court of Carbondale,Jackson,IL
Manor Court of Carbondale,Stephenson,IL
Manor of Mason Woods,Perry,IL
Manor of Mason Woods,Jackson,IL
ManorCare ElkGrove Village,Cook,IL
ManorCare ElkGrove Village,Perry,IL
ManorCare Health Services-Palos Heights West,Cook,IL
ManorCare Oak Lawn West,Cook,IL
ManorCare Oak Lawn West,DuPage,IL
ManorCare Palos Heights East,Cook,IL
ManorCare of Arlington Heights,Cook,IL
ManorCare of Elk Grove Village,Cook,IL
Manorcare Hinsdale,DuPage,IL
Manorcare Hinsdale,Cook,IL
Manorcare Of Oak Lawn West,Cook,IL
Manteno Veterans Home,Kankakee,IL
Manteno Veterans Home,Cook,IL
Maple Crest Care Center,Boone,IL
Maple Crest Care Center,Kankakee,IL
Maple Glen Memory Care,DuPage,IL
Maple Glen Memory Care,Boone,IL
MarcFirst,McLean,IL
MarcFirst,DuPage,IL
MarcFirst-Lucerne,McLean,IL
Margaret Manor Central,Cook,IL
Margaret Manor Central,McLean,IL
Marian Village,Cook,IL
Marian Village,Will,IL
Marigold,Knox,IL
Marigold,Will,IL
Marigold Estates Pekin,Tazewell,IL
MarkLund Hyde Center,Kane,IL
MarkLund Hyde Center,St. Clair,IL
Marka Nursing and Rehabilitation,St. Clair,IL
Marka Nursing and Rehabilitation,Knox,IL
Marklund Hyde Center,Kane,IL
Marklund Philip Center,DuPage,IL
Marklund Wasmond Center,Cook,IL
Marklund Wasmond Center,Kane,IL
Marley Oaks,Will,IL
Marley Oaks,Cook,IL
Marshall Rehab,Clark,IL
Marshall Rehab,Will,IL
Mason City Area Nursing Home,Mason,IL
Mason City Area Nursing Home,Clark,IL
Mason Point,Moultrie,IL
Mason Point,Mason,IL
Mattoon Healthcare,Coles,IL
Mattoon Healthcare,Moultrie,IL
Mattoon Rehabilitation and Health Care Center,Coles,IL
Mayfield Care Center,Cook,IL
Mayfield Care Center,Coles,IL
McAvoy Place-DD Homes,Knox,IL
McLean County Nursing Home,McLean,IL
McLean County Nursing Home,Cook,IL
Meadow Manor,Christian,IL
Meadow Manor,McLean,IL
Meadowbrook Manor,Cook,IL
Meadowbrook Manor,Champaign,IL
Meadowbrook Manor Naperville,DuPage,IL
Meadowbrook Manor Naperville,Cook,IL
Meadowbrook Manor of Bolingbrook,Will,IL
Meadowbrook Manor of Bolingbrook,DuPage,IL
Meadowbrook at Clark-Lindsey,Christian,IL
Meadowbrook at Clark-Lindsey,Champaign,IL
Medina Nursing Center,Winnebago,IL
Medina Nursing Center,Will,IL
Melody Living in LITH,McHenry,IL
Melody Living in LITH,Winnebago,IL
Memorial Care Center,St. Clair,IL
Memorial Care Center,McHenry,IL
Memorial Convalescent Center,St. Clair,IL
Mercy,St. Clair,IL
Mercy Circle,Cook,IL
Mercy Circle,St. Clair,IL
Mercy Harvard Care Center,McHenry,IL
Mercy Harvard Care Center,Cook,IL
Meridian Village,Madison,IL
Meridian Village,McHenry,IL
Michaelsen health center,Madison,IL
Michealsen Health Center,Kane,IL
Midway Neuro and Rehab,Cook,IL
Midway Neuro and Rehab,Kane,IL
Midway Neurological Rehab Center,Cook,IL
Mill Creek Alzheimers Special Care Unit,Sangamon,IL
Mill Creek Alzheimers Special Care Unit,Cook,IL
Misericordia,Cook,IL
Misericordia,Sangamon,IL
Misericordia - Marian Center,Cook,IL
Misericordia - McNerney House,Cook,IL
Misericordia - Peteman House,Cook,IL
Misericordia - Walsh House,Cook,IL
Momence Meadows Nursing & Rehabilitation Center,Kankakee,IL
Momence Meadows Nursing & Rehabilitation Center,Cook,IL
Monmouth Nursing Home,Warren,IL
Monmouth Nursing Home,Kankakee,IL
Montclare Supportive Living,Cook,IL
Montclare Supportive Living,Warren,IL
Montebello Healthcare Center,Hancock,IL
Montebello Healthcare Center,Cook,IL
Montgomery Nursing And Rehab,Hancock,IL
Montgomery Nursing And Rehab,Montgomery,IL
Montgomery Nursing and Rehab Center,Montgomery,IL
Montgomery Place,Cook,IL
Montgomery Place,Montgomery,IL
Montgomery Terrace,Montgomery,IL
Morning Star Village,Winnebago,IL
Morning Star Village,Cook,IL
Morningside of Shiloh,St. Clair,IL
Morningside of Shiloh,Winnebago,IL
Mosaic,McDonough,IL
Mosaic,St. Clair,IL
Mosaic - Appletree Group Home,Winnebago,IL
Mosaic - Appletree Group Home,McDonough,IL
Mosaic - Applewood Group Home,Winnebago,IL
Mosaic - alpine,Winnebago,IL
Mosaic of Lakeshore,Cook,IL
Mosaic of Lakeshore,Winnebago,IL
Mount St. Joseph,Lake,IL
Mount St. Joseph,Cook,IL
Mount St. Josephs,Lake,IL
Moweaqua Rehabilitation and Health Care,Shelby,IL
Moweaqua Rehabilitation and Health Care,Lake,IL
Mt Vernon Health Care Center,Jefferson,IL
Mt Vernon Health Care Center,Shelby,IL
Mt. Vernon Countryside Manor,Jefferson,IL
Mt. Vernon Healthcare Center,Jefferson,IL
Naperville Manor Health & Rehab Center,DuPage,IL
Naperville Manor Health & Rehab Center,Jefferson,IL
Nature Trail Health Care Center,Jefferson,IL
Nature Trail Health Care Center,DuPage,IL
Neurorestorative,Jackson,IL
Neurorestorative,Jefferson,IL
New Athen Home for the Aged2,St. Clair,IL
New Athens Home for the Aged,St. Clair,IL
New Athens Home for the Aged,Jackson,IL
New City Supportive Living,Cook,IL
New City Supportive Living,St. Clair,IL
Newton Care Center,Jasper,IL
Newton Care Center,Cook,IL
Niles Nursing and Rehab Center,Cook,IL
Niles Nursing and Rehab Center,Jasper,IL
Nokomis Rehab and Health Care,Cook,IL
Nokomis Rehab and Health Care,Montgomery,IL
Norridge Gardens,Cook,IL
Norridge Gardens,Montgomery,IL
North Pointe Terrace (2),Winnebago,IL
North Pointe Terrace (2),Cook,IL
North Shore Place,Cook,IL
North Shore Place,Winnebago,IL
NorthPointe Terrace (3),Winnebago,IL
NorthPointe Terrace (3),Kane,IL
Northbrook Inn Memory Care,Cook,IL
Northern Illinois Academy,Kane,IL
Northern Illinois Academy,Cook,IL
Northwoods Care Center,Boone,IL
Norwood crossing Skilled Nursing,Cook,IL
Norwood crossing Skilled Nursing,Winnebago,IL
Oak Hill,Monroe,IL
Oak Hill,Cook,IL
Oak Hill Supportive Living,Lake,IL
Oak Hill Supportive Living,Monroe,IL
Oak Lane Nursing and Rehab,Henderson,IL
Oak Lawn Respiratory and Rehab,Cook,IL
Oak Lawn Respiratory and Rehab,Lake,IL
Oak Park Arms,Cook,IL
Oak Park Brookdale,Cook,IL
Oak Park Oasis,Cook,IL
Oak Trace,DuPage,IL
Oak Trace,Cook,IL
Oak Trace Skilled Nursing,DuPage,IL
Oakbrook Care,DuPage,IL
Oakbrook Care Rehabilitation & Recover,DuPage,IL
Oakcrest DeKalb Area Retirement Center,DeKalb,IL
Oakcrest DeKalb Area Retirement Center,DuPage,IL
Oakridge Healthcare Center,DeKalb,IL
Oakridge Healthcare Center,Cook,IL
Oakview Nursing & Rehab,Wabash,IL
Oakview Nursing & Rehab,Cook,IL
Oakview Nursing and Rehabilitation,Wabash,IL
Oasis,Cook,IL
Oasis,Wabash,IL
Odd Fellow Rebekah,Coles,IL
Odd Fellow Rebekah,Cook,IL
Odd Fellow Rebekah Home,Coles,IL
Odin Care Center,Marion,IL
Odin Care Center,Coles,IL
Opportunity House,DeKalb,IL
Opportunity House,Marion,IL
Opportunity House #2,DeKalb,IL
Oregon Living & Rehab,DeKalb,IL
Oregon Living & Rehab,Ogle,IL
Oregon Rehab,Ogle,IL
Ottawa Pavilion,LaSalle,IL
Ottawa Pavilion,Ogle,IL
Our Lady Of Angels Retirement Home,Will,IL
Our Lady Of Angels Retirement Home,LaSalle,IL
Overlook Village,Rock Island,IL
Overlook Village,Will,IL
P.A. Peterson at the Citadel,Winnebago,IL
PA Peterson at theCitadel,Winnebago,IL
PA Peterson at theCitadel,Rock Island,IL
PACTT Learning -Oak Park,Cook,IL
PACTT Learning -Oak Park,Winnebago,IL
Palos Heights Nursing and Rehab,Cook,IL
Palos Heights Rehab,Cook,IL
Palos Hills Healthcare,Cook,IL
Parc of Joliet,Will,IL
Parc of Joliet,Cook,IL
Paris Health and Rehab,Edgar,IL
Park Lawn Residential Center,Cook,IL
Park Lawn Residential Center,Will,IL
Park Place,Cook,IL
Park Place,Boone,IL
Park Place Health and Wellness,DuPage,IL
Park Place Health and Wellness,Boone,IL
Park Place Health and Wellness Center,DuPage,IL
Park Place of Belvidere,Boone,IL
Park Place of Belvidere,DuPage,IL
Park Place of Elmhurst Assisted Living/Memory Care,DuPage,IL
Park Place of Elmhurst Assisted Living/Memory Care,Boone,IL
Park Pointe Healthcare and Rehabilition Center,Grundy,IL
Park Ridge Care Center,Cook,IL
Park View DD Homes,Mason,IL
Park View Rehab,Cook,IL
Park View Rehab,DuPage,IL
Park Vista,Rock Island,IL
Park Vista,Cook,IL
Park Vista #2,Rock Island,IL
Parker Nursing and Rehabilitation Center,LaSalle,IL
Parker Nursing and Rehabilitation Center,Rock Island,IL
Parkpointe,Grundy,IL
Parkpointe,LaSalle,IL
Parkshore Estates,Cook,IL
Parkshore Estates,Grundy,IL
Parkway Center,Whiteside,IL
Parkway Center,Cook,IL
Parkway Gardens,St. Clair,IL
Parkway Gardens,Whiteside,IL
Parkway Manor,Williamson,IL
Parkway Manor,St. Clair,IL
Patterson House,Macoupin,IL
Paul G Stewart Center Apartments,Cook,IL
Paul G Stewart Center Apartments,Williamson,IL
Pauls House,Cook,IL
Pauls House and Healthcare Center,Cook,IL
Pavilion of Waukegan,Lake,IL
Pavilion of Waukegan,Cook,IL
Peace Village,Cook,IL
Pearl of Rolling Meadows,Cook,IL
Pearl of Rolling Meadows,Lake,IL
Pekin Manor,Tazewell,IL
Pekin Manor,Cook,IL
Pekin Manor SNF,Tazewell,IL
Pershing Garden,Cook,IL
Pershing Garden,Tazewell,IL
Pershing Gardens,Cook,IL
Peterson Meadows,Winnebago,IL
Peterson Meadows,Cook,IL
Peterson Park Health Care,Cook,IL
Peterson Park Health Care,Winnebago,IL
Philip J Rock Center & School,DuPage,IL
Philip J Rock Center & School,Cook,IL
Pinckneyville Nursing and Rehabilitation,Perry,IL
Pinckneyville Nursing and Rehabilitation,DuPage,IL
Pine Acres,DeKalb,IL
Pine Acres,Perry,IL
Pine Crest Healthcare,Cook,IL
Pine Crest Healthcare,DeKalb,IL
Pinecrest Village,Ogle,IL
Pioneer Gardens,Cook,IL
Piper City Rehab,Ford,IL
Piper City Rehab,Cook,IL
Pittsfield Manor,Ford,IL
Pleasant Meadows Senior Living,Edgar,IL
Pleasant View Lutheran Home,LaSalle,IL
Pleasant View Rehab,Pike,IL
Pleasant View Rehab,Whiteside,IL
Plymouth Place Senior Living,Cook,IL
Plymouth Place Senior Living,Whiteside,IL
Polo Rehab,Ogle,IL
Porter Place,Cook,IL
Praire Oasis South Holland,Cook,IL
Prairie Creek Village,Macon,IL
Prairie Creek Village,Cook,IL
Prairie Crossing Living and Rehab,DeKalb,IL
Prairie Crossing Living and Rehab,Macon,IL
Prairie Green at Dixie Crossing,Cook,IL
Prairie Green at Dixie Crossing,DeKalb,IL
Prairie Green at Fays Point,Cook,IL
Prairie Living at Chautauqua,Jackson,IL
Prairie Living at Chautauqua,Cook,IL
Prairie Manor Rehab and Nursing,Cook,IL
Prairie Manor Rehab and Nursing,Jackson,IL
Prairie Rose,Christian,IL
Prairie Rose,Cook,IL
Prairie View Assisted Living (2),Winnebago,IL
Prairie View Assisted Living (2),Christian,IL
Prairie Village Jacksonville,Morgan,IL
Prairie Winds of Urbana,Winnebago,IL
Prairie Winds of Urbana,Champaign,IL
Prairieview Lutheran Home,Champaign,IL
Prairieview Lutheran Home,Iroquois,IL
Prairieview Lutheran Homes,Iroquois,IL
Prairieview at the Garlands,Lake,IL
Prarieview at the Garlands,Lake,IL
Prarieview at the Garlands,Iroquois,IL
Presbyterian Westminster Homes,Cook,IL
Presbyterian Westminster Homes,Lake,IL
Presence Bethlehem Woods,Cook,IL
Presence MaryHaven,Cook,IL
Presence Maryhaven,Cook,IL
Presence Nazarethville,Cook,IL
Presence Our Lady of Victory,Kankakee,IL
Presence Our Lady of Victory,Cook,IL
Presence Our Lady of Victory - Ascension Living,Kankakee,IL
Presence Resurrection Life Center,Cook,IL
Presence Resurrection Life Center,Kankakee,IL
Presence Resurrection Nursing and Rehab,Cook,IL
Presence Resurrection Retirement Community,Cook,IL
Presence St. Benedict,Cook,IL
Presence Villa Franciscan,Will,IL
Presence Villa Franciscan,Cook,IL
Presence Villa Scalabrini Nursing&Rehab Center,Cook,IL
Presence Villa Scalabrini Nursing&Rehab Center,Will,IL
Primrose Retirement Community of Decatur,Macon,IL
Primrose Retirement Community of Decatur,Cook,IL
Proctor Place,Peoria,IL
Progressive Housing,Cook,IL
Progressive Housing,Macon,IL
Providence Healthcare & Rehabilitation Center,DuPage,IL
Providence Healthcare & Rehabilitation Center,Cook,IL
Quincy Terrace,Adams,IL
R&R Country Care,Randolph,IL
RML Specialty Hospital Hinsdale,Cook,IL
RML Specialty Hospital Hinsdale,Kane,IL
Radford Green at Sedgebrook,Lake,IL
Radford Green at Sedgebrook,DuPage,IL
Radford Green of Sedgebrook,Lake,IL
Randolph County Care Center,Cook,IL
Randolph County Care Center,Lake,IL
Randolph County Care Center,Randolph,IL
Ray Graham Iona Glos,DuPage,IL
Ray Graham Iona Glos,Randolph,IL
Red Bud Regional Care Center,Randolph,IL
Red Bud Regional Care Center,DuPage,IL
Reflections Memory Care,Champaign,IL
Reflections Memory Care,Tazewell,IL
Reflections Memory Care,Randolph,IL
Regency Care of Morris,Grundy,IL
Regency Care of Sterling,Whiteside,IL
Regency Care of Sterling,Tazewell,IL
Rehab Without Walls,DuPage,IL
Rehab Without Walls,Whiteside,IL
Renaissance Care Center,Fulton,IL
Residential Living Center,Jefferson,IL
Resthave Care and Rehabilitation,Whiteside,IL
Resthave Care and Rehabilitation,DuPage,IL
Resurrection Nursing & rehab Center,Cook,IL
Resurrection Nursing & rehab Center,Whiteside,IL
Revere Court of Bolingbrook,Will,IL
Revere Court of Bolingbrook,Cook,IL
Revere Court of Crystal Lake,McHenry,IL
Revere Court of Crystal Lake,Will,IL
Revere Court of South Barrington,Cook,IL
Revere Court of South Barrington,McHenry,IL
Richland Nursing and Rehab,Richland,IL
Richland Nursing and Rehab,Cook,IL
Ridgeview Care Center,Crawford,IL
River Bluff Nursing Home,Winnebago,IL
River Bluff Nursing Home,Richland,IL
River Glen,Kane,IL
River Glen,Winnebago,IL
River Glen of St. Charles,Kane,IL
River View Rehab,Kane,IL
Riverbluff Nursing Home,Winnebago,IL
Riverbluff Nursing Home,Kane,IL
Riverside Foundation,Lake,IL
Riverside Foundation,Winnebago,IL
Riverside Miller Rehabilitation,Kankakee,IL
Riverside Miller Rehabilitation,Lake,IL
Riverside Rehab and Healthcare,Madison,IL
Riverside Rehab and Healthcare,Kankakee,IL
Riverside Senior Life at Bourbonnais,Kankakee,IL
Riverside Senior Life at Bourbonnais,Madison,IL
Riverview Rehab Center,Kane,IL
Riverview Rehab Center,Kankakee,IL
Robings Manor,Macoupin,IL
Rochelle Rehab,Ogle,IL
Rochelle Rehab,Cook,IL
Rochelle Rehab & Healthcare Center,Ogle,IL
Rock River Health Care,Winnebago,IL
Rock River Health Care,Ogle,IL
Rock River Healthcare,Winnebago,IL
Rock Run Place,Will,IL
Rock Run Place,Winnebago,IL
Rolling Hills Manor,Lake,IL
Rolling Hills Manor,Will,IL
Rolling Hills Place,Lake,IL
Rosiclare Rehabilitation and Health Care Center,Hardin,IL
Rosiclare Rehabilitation and Health Care Center,Lake,IL
Royal Oaks Care Center,Henry,IL
Salem Village NH,Will,IL
Salem Village NH,Hardin,IL
Saline Care Nursing and Rehab,Saline,IL
Saline Care Nursing and Rehab,Will,IL
Samuel H. Shapiro Developmental Center,Kankakee,IL
Samuel H. Shapiro Developmental Center,Saline,IL
San Gabriel Memory Care,Madison,IL
Sandwich Rehab and Health Care Center,DeKalb,IL
Sarah Bush Lincoln Fayette County Hospital,Fayette,IL
Sarah Bush Lincoln Fayette County Hospital,Kankakee,IL
Saratoga Grove,DuPage,IL
Saratoga Grove,Fayette,IL
Scott County Nursing Center,Scott,IL
Selfhelp Home,Cook,IL
Selfhelp Home,DuPage,IL
Seminary Manor,Knox,IL
Seminary Manor,Cook,IL
Senior Center,Adams,IL
Senior Center,Knox,IL
Senior Star At Weber Place,Will,IL
Senior Star at Weber Place,Will,IL
Senior Star at Weber Place,Adams,IL
Serenity  (Aperion) Moline,Rock Island,IL
Serenity  (Aperion) Moline,Will,IL
Serenity (Aperion) #2,Rock Island,IL
Serenity (Aperion) Moline,Rock Island,IL
Serenity of Galesburg,Knox,IL
Serenity of Galesburg,Rock Island,IL
Serenity of Lake Storey,Knox,IL
Seymour Terrace,Lake,IL
Seymour Terrace,Knox,IL
Shady Oaks,Will,IL
Shady Oaks,Lake,IL
Sharon Healthcare - Woods,Peoria,IL
Sharon Healthcare - Woods,Will,IL
Sharon Healthcare Elms,Peoria,IL
Sharon Healthcare Pines,Peoria,IL
Sharon Healthcare Willows,Peoria,IL
Sharon Healthcare Willows South,Peoria,IL
Shawnee Christian Nursing Center,Peoria,IL
Shawnee Senior Living,Williamson,IL
Shelby County Community Servicesi,Scott,IL
Shelby County Community Servicesi,Williamson,IL
Shelbyville Manor,Shelby,IL
Shelbyville Manor,Scott,IL
Shelbyville Rehabilitation and Health Care Center,Shelby,IL
Sheldon Healthcare Center,Iroquois,IL
Sheltered Village,McHenry,IL
Sheltered Village,Shelby,IL
Sheridan Park Ridge,Cook,IL
Sheridan Park Ridge,Lake,IL
Sheridan Village,Cook,IL
Sheridan at Green Oaks,Lake,IL
Sheridan at Green Oaks,McHenry,IL
Sheridan at Green Oaks Senior Living,Lake,IL
Siena on Brendenwood,Winnebago,IL
Siena on Brendenwood,Cook,IL
Skokie Meadows,Cook,IL
Skokie Meadows,Winnebago,IL
Smith Crossing,Will,IL
Smith Crossing,Cook,IL
Smith Village,Cook,IL
Smith Village,Will,IL
Snyder Village Assisted Living,Woodford,IL
Snyder Village Assisted Living,Cook,IL
Snyder Village Health Center,Woodford,IL
South Elgin Rehab,Kane,IL
South Elgin Rehab,Woodford,IL
South Suburban Rehab Center,Cook,IL
South Suburban Rehab Center,Kane,IL
Southgate Nursing and Rehab,Massac,IL
Southpoint Nsg and Rehab,Cook,IL
Southview Manor,Cook,IL
Spring Creek Nursing Home,Will,IL
Spring Creek Nursing Home,Cook,IL
Spring Meadows Libertyville,Lake,IL
Spring Meadows Libertyville,Will,IL
Springs of Vernon Hills Alzheimers Special Care,Lake,IL
St Anne Center,Winnebago,IL
St James Manor,Will,IL
St James Manor,Lake,IL
St Joseph Home For the Elderly,Cook,IL
St Joseph Home For the Elderly,Will,IL
St Joseph Home for the Elderly Palatine,Cook,IL
St Pauls,St. Clair,IL
St Pauls2,St. Clair,IL
St Vincents Nursing Home,Adams,IL
St Vincents Nursing Home,Cook,IL
St. Anthonys Continue Care,Rock Island,IL
St. Anthonys Continue Care,Adams,IL
St. Anthonys Continue Care #2,Rock Island,IL
St. Claras Manor,Logan,IL
St. Claras Manor,Rock Island,IL
St. Francis,Logan,IL
St. Francis,St. Clair,IL
St. Joseph Village of Chicago,Cook,IL
St. Joseph Village of Chicago,St. Clair,IL
St. Josephs Home,Sangamon,IL
St. Josephs Home,Cook,IL
St. Margarets Living Center,Bureau,IL
St. Margarets Living Center,Sangamon,IL
St. Mary of Providence in Chicago,Cook,IL
St. Mary of Providence in Chicago,Bureau,IL
St. Patricks Residence Nursing & Rehabilitation,DuPage,IL
St. Patricks Residence Nursing & Rehabilitation,Cook,IL
St. Patricks Residence Nursing and Rehabilitation,DuPage,IL
St. Pauls,St. Clair,IL
St. Pauls,DuPage,IL
Stearns Nursing and Rehabilitation Center,Madison,IL
Stearns Nursing and Rehabilitation Center,St. Clair,IL
Stephenson Nursing Center,Stephenson,IL
Stephenson Nursing Center,Madison,IL
Stepping Stone of Rockford,Winnebago,IL
Stepping Stone of Rockford,Stephenson,IL
Stonebridge Senior Living Center,Franklin,IL
Stonebridge of Gurnee,Lake,IL
Stonebridge of Gurnee,Winnebago,IL
Streator Unlimited,Lake,IL
Streator Unlimited,LaSalle,IL
Streator Unlimited Inc.,LaSalle,IL
Sullivan Rehabilitation and Health Care Center,Moultrie,IL
Sullivan Rehabilitation and Health Care Center,LaSalle,IL
Summit of Uptown,Cook,IL
Summit of Uptown,Moultrie,IL
Sunny Acres Nursing Home,Cook,IL
Sunny Acres Nursing Home,Menard,IL
Sunny Hill Nursing Home,Will,IL
Sunny Hill Nursing Home,Sangamon,IL
Sunnymere,Kane,IL
Sunnymere,Will,IL
Sunrise Fountain Square Lombard,DuPage,IL
Sunrise Fountain Square Lombard,Kane,IL
Sunrise Palos Park,Cook,IL
Sunrise Palos Park,DuPage,IL
Sunrise Senior Living of Gurnee,Lake,IL
Sunrise Senior Living of Gurnee,Cook,IL
Sunrise Skilled Nursing Facility,Macoupin,IL
Sunrise Skilled Nursing Facility,Lake,IL
Sunrise of Barrington,Lake,IL
Sunrise of Barrington,DuPage,IL
Sunrise of Bloomingdale,DuPage,IL
Sunrise of Bloomingdale,Lake,IL
Sunrise of Bloomingdale Assisted Living,DuPage,IL
Sunrise of Buffalo Grove,Lake,IL
Sunrise of Buffalo Grove,DuPage,IL
Sunrise of Crystal Lake,McHenry,IL
Sunrise of Crystal Lake Assisted Living and Memory,McHenry,IL
Sunrise of Crystal Lake Assisted Living and Memory,Lake,IL
Sunrise of Flossmore,Cook,IL
Sunrise of Flossmore,McHenry,IL
Sunrise of Gurnee,Lake,IL
Sunrise of Gurnee,Cook,IL
Sunrise of Highland Park,Lake,IL
Sunrise of Lincoln Park,Cook,IL
Sunrise of Lincoln Park,Lake,IL
Sunrise of Naperville Assisted Living,DuPage,IL
Sunrise of Naperville North Assisted Living,DuPage,IL
Sunrise of Naperville North Assisted Living,Cook,IL
Sunrise of Park Ridge,Cook,IL
Sunrise of Park Ridge,DuPage,IL
Sunrise of Schaumburg,Cook,IL
Sunrise of Willowbrook Assisted Living,DuPage,IL
Sunrise of Willowbrook Assisted Living,Cook,IL
Sunset Home,Adams,IL
Sunset Home,Macoupin,IL
Sunset Skilled Nursing & Rehab,Macoupin,IL
Sunset Skilled Nursing & Rehab,Adams,IL
Sunshine Gardens,Williamson,IL
Supportive Living of Washington,Tazewell,IL
Swann Special Care Center,Champaign,IL
Swansea Care & Rehab2,St. Clair,IL
Swansea Care & Rehab2,Macoupin,IL
Swansea Rehabilitation and Health Care Center,St. Clair,IL
Sycamore Village,St. Clair,IL
Symphony At The Tillers of Oswego,Kendall,IL
Symphony At The Tillers of Oswego,Cook,IL
Symphony Buffalo Grove,Lake,IL
Symphony Buffalo Grove,Kendall,IL
Symphony Northwoods,Boone,IL
Symphony Northwoods,Lake,IL
Symphony Orchard Valley,Kane,IL
Symphony Orchard Valley,Cook,IL
Symphony Residences at Lincoln Park,Cook,IL
Symphony Residences at Lincoln Park,Kane,IL
Symphony at 87th,Cook,IL
Symphony at 87th,St. Clair,IL
Symphony at Aria,Cook,IL
Symphony at Midway,Cook,IL
Symphony at the Tillers of Oswego,Kendall,IL
Symphony of Bronzeville,Cook,IL
Symphony of Bronzeville,Boone,IL
Symphony of Buffalo Grove,Lake,IL
Symphony of Buffalo Grove,Cook,IL
Symphony of Chicago West,Cook,IL
Symphony of Chicago West,Lake,IL
Symphony of Crestwood,Cook,IL
Symphony of Evanston,Cook,IL
Symphony of Hanover Park,Cook,IL
Symphony of Joliet,Will,IL
Symphony of Lincoln Park,Cook,IL
Symphony of Lincoln Park,Will,IL
Symphony of Morgan Park,Cook,IL
Symphony of Orchard Valley,Kane,IL
Symphony of Orchard Valley,Cook,IL
Symphony of South Shore,Cook,IL
Symphony of South Shore,Kane,IL
THE POINTE of Pontiac,Livingston,IL
TLC Living Community,Winnebago,IL
TLC Living Community,Will,IL
Tabor Hills Healthcare,DuPage,IL
Tabor Hills Healthcare,Cook,IL
Tabor Hills Supportive Living,DuPage,IL
Talor House,Sangamon,IL
Taylorville Estates,Christian,IL
Taylorville Hickory Estates,Christian,IL
Taylorville Skilled Nursing (fka Meadow Manor),Christian,IL
Terra Vista of Oakbrook Terrace,DuPage,IL
Terra Vista of Oakbrook Terrace,Christian,IL
Terrace Nursing Home,Lake,IL
Terrace Nursing Home,DuPage,IL
The Admiral at the Lake,Cook,IL
The Admiral at the Lake,Lake,IL
The Anchor of the Voyage Senior Living,Williamson,IL
The Anchor of the Voyage Senior Living,Cook,IL
The Arthur Home,Moultrie,IL
The Assisted Living at Silver Creek,Williamson,IL
The Assisted Living at Silver Creek,St. Clair,IL
The Assisted Living at Silver Crrek,St. Clair,IL
The Atrium,St. Clair,IL
The Atrium Memory Care Community,Winnebago,IL
The Atrium Memory Care Community,St. Clair,IL
The Auberge,Cook,IL
The Auberge,Winnebago,IL
The Auberge At Highland Park,Lake,IL
The Auberge At Highland Park,Cook,IL
The Auberge at Morton Grove,Cook,IL
The Auberge at Morton Grove,Lake,IL
The Auberge at Naperville,DuPage,IL
The Auberge at Naperville,Cook,IL
The Birches Assisted Living Clarendon Hills,DuPage,IL
The Carrington Linclonwood,Cook,IL
The Carrington Linclonwood,DuPage,IL
The Carrington Lincolnwood,Cook,IL
The Clare,Cook,IL
The Elms Nursing Home,McDonough,IL
The Elms Nursing Home,Cook,IL
The Esquiline - Dammert Center,St. Clair,IL
The Esquiline - Dammert Center,McDonough,IL
The Fountains (2),McHenry,IL
The Fountains (2),St. Clair,IL
The Fountains at Crystal Lake,McHenry,IL
The Fountains at Crystal Lake (#3),McHenry,IL
The Glenwood,Effingham,IL
The Glenwood,McHenry,IL
The Grove,Cook,IL
The Grove,Effingham,IL
The Grove By the Lake,Lake,IL
The Grove Fox Valley,Kane,IL
The Grove Fox Valley,Lake,IL
The Grove St. Charles,Kane,IL
The Grove St. Charles,Cook,IL
The Grove at the Lake,Lake,IL
The Grove at the Lake,Cook,IL
The Grove of Berwyn,Cook,IL
The Grove of Berwyn,Kane,IL
The Grove of Elmhurst,DuPage,IL
The Grove of Elmhurst,Cook,IL
The Grove of Evanston,Cook,IL
The Grove of Evanston,DuPage,IL
The Grove of Fox Valley,Kane,IL
The Grove of Fox Valley,Cook,IL
The Grove of La Grange,Cook,IL
The Grove of La Grange,Kane,IL
The Grove of Northbrook,Cook,IL
The Grove of Skokie,Cook,IL
The Hartwell,Cook,IL
The Hartwell,Kane,IL
The Lamoine Assisted Living & Memory Care,McDonough,IL
The Lamoine Assisted Living & Memory Care,Cook,IL
The Landings at Reed Station Crossing,McDonough,IL
The Landings at Reed Station Crossing,Jackson,IL
The Lodge at Manito,Mason,IL
The Loft Rehabilitation & Nursing,Jackson,IL
The Loft Rehabilitation & Nursing,Woodford,IL
The Lofts Rehabilitation and Nursing of Normal,McLean,IL
The Lofts Rehabilitation and Nursing of Normal,Woodford,IL
The Manor at Salem Woods,Marion,IL
The Mather,Cook,IL
The Mather,McLean,IL
The Mather Evanston,Cook,IL
The Mooring of Arlington heights,Cook,IL
The PARC of Joliet,Will,IL
The PARC of Joliet,Cook,IL
The Pearl Naperville,DuPage,IL
The Pearl Naperville,Will,IL
The Pointe,Morgan,IL
The Pointe,DuPage,IL
The Pointe of Kilpatrick,Cook,IL
The Pointe of Kilpatrick,Morgan,IL
The Radcliff Wood Dale,DuPage,IL
The Radcliff Wood Dale,Cook,IL
The Reserve at Arlington Heights,Cook,IL
The Reserve at Arlington Heights,DuPage,IL
The Reserve of Oswego,Kendall,IL
The Sheridan at Tyler Creek,Kane,IL
The Sheridan at Tyler Creek,Cook,IL
The Sheridan of Park Ridge,Cook,IL
The Sheridan of Park Ridge,Kane,IL
The Solana Deer Park,Lake,IL
The Solana Deer Park,Cook,IL
The Springs at Crystal Lake,McHenry,IL
The Springs at Crystal Lake,Lake,IL
The Springs of Monarch Landing Skilled Nursing,DuPage,IL
The Springs of Monarch Landing Skilled Nursing,McHenry,IL
The Village at Victory Lakes,Lake,IL
The Village at Victory Lakes,DuPage,IL
The Village at Victory Lakes Continuing Care Cente,Lake,IL
The Villas at St. James,Clinton,IL
The Villas of Holly Brook,McLean,IL
The Villas of Holly Brook,Lake,IL
The Villas of Holly Brook Fox Creek,McLean,IL
The Villas of Holly Brook-Towanda Barnes,McLean,IL
The Vine At Countryside,Cook,IL
The Vine At Countryside,McLean,IL
The Voyage,Jackson,IL
The Voyage Senior Living of Marion,Williamson,IL
The Wellshire Lincolnshire,Lake,IL
The Wellshire Lincolnshire,Cook,IL
Thornton Heights Terrace,Cook,IL
Thornton Heights Terrace,Lake,IL
Three Crown Park,Cook,IL
Three Crowns Park,Cook,IL
Three Oaks Assisted Living and Memory Care,McHenry,IL
Three Oaks Assisted Living and Memory Care,Cook,IL
Three Springs Lodge,Randolph,IL
Three Springs Lodge,McHenry,IL
Thrive of Lake County,Lake,IL
Thrive of Lake County,Randolph,IL
Thrive of Lisle Rehabilitation Center,DuPage,IL
Thrive of Lisle Rehabilitation Center,Lake,IL
Timbercreek Rehab and Healthcare,Tazewell,IL
Timbercreek Rehab and Healthcare,DuPage,IL
Timberlake Supportive Living,Sangamon,IL
Timberlake Supportive Living,Tazewell,IL
Timberpoint Health Care Center,Adams,IL
Timbers of Shorewood,Will,IL
Timbers of Shorewood,Sangamon,IL
Toulon Rehab & Health Care CTR,Stark,IL
Tower Hill Healthcare Center,Kane,IL
Tower Hill Healthcare Center,Winnebago,IL
Transitional Care Arlington Hgts,Cook,IL
Transitional Care Arlington Hgts,Kane,IL
Transitions,Cook,IL
Tremont Ridge,Montgomery,IL
Tremont Ridge,Adams,IL
Trenton Village Retirement,Montgomery,IL
Trenton Village Retirement,Clinton,IL
Tri-States Nursing & rehab Center,Cook,IL
Tri-States Nursing & rehab Center,Clinton,IL
Tuscola Health Care Center,Douglas,IL
Tuscola Health Care Center,Cook,IL
Twin Lakes Rehab Center,Edgar,IL
Twin Lakes Rehab Center,Douglas,IL
Twin Willows Nursing Center,Marion,IL
Twin Willows Nursing Center,Edgar,IL
UAW Senior Citizens Center,Tazewell,IL
UAW Senior Citizens Center,Marion,IL
United Methodist Village,Lawrence,IL
United Methodist Village,Tazewell,IL
University Care Center,Madison,IL
University Care Center,Lawrence,IL
University Rehab Center,Champaign,IL
University Rehab Center,Peoria,IL
University Rehab at Northmoor,Peoria,IL
University Rehab at Northmoor,Madison,IL
University Rehabilitation Center,Champaign,IL
University Rehabilitation Center,Peoria,IL
Uptown Health Center,Cook,IL
Uptown Health Center,Champaign,IL
VA James Lovell CLC GHH Bldg 201,Lake,IL
VA James Lovell CLC GHH Bldg 206,Lake,IL
Valley Hi,McHenry,IL
Valley Hi,Cook,IL
Van Matre Encompas Health,Winnebago,IL
Van Matre Encompas Health,McHenry,IL
Van Matre Encompass Health,Winnebago,IL
Vandalia Rehabilitation and Health Care Center,Fayette,IL
Vandalia Rehabilitation and Health Care Center,Winnebago,IL
Vi at the Glen,Cook,IL
Vi at the Glen,Fayette,IL
Victorian Inn,Will,IL
Victorian Inn,Cook,IL
Victorian Village,Will,IL
Victory Center Sierra Ridge,Cook,IL
Victory Center of Bartlett,Cook,IL
Victory Center of Bartlett,Will,IL
Victory Center of Park Forest,Cook,IL
Victory Center of River Oaks,Cook,IL
Victory Centre of  Vernon Hills,Lake,IL
Victory Centre of  Vernon Hills,Cook,IL
Victory Centre of Park Forest,Lake,IL
Victory Centre of Park Forest,Cook,IL
Victory Centre of Riverwoods,Cook,IL
Victory Centre of Sierra Ridge,Cook,IL
Victory Centre of Vernon Hills,Lake,IL
Victory Centre of Vernon Hills,Cook,IL
Victory Lakes Continuing Care Center,Lake,IL
Villa Catherine,Clinton,IL
Villa Catherine,Cook,IL
Villa Clara Post Acute,Macon,IL
Villa Clara Post Acute,Clinton,IL
Villa East,Sangamon,IL
Villa East,Macon,IL
Villa Healthcare Center West,Sangamon,IL
Villa St. Benedict,Sangamon,IL
Villa St. Benedict,DuPage,IL
Villa at Palos Heights,Cook,IL
Villa at Palos Heights,Lake,IL
Villa at South Holland,Cook,IL
Villa at Windsor Park,Cook,IL
Village Woods,Will,IL
Village Woods,Macoupin,IL
Village at Victory Lakes,Lake,IL
Village at Victory Lakes,DuPage,IL
Village of Holly Brook,Effingham,IL
Village of Morse Farms,Macoupin,IL
Village of Morse Farms,Lake,IL
Villas Of Holly Brook,Wabash,IL
Villas Of Holly Brook,Williamson,IL
Villas Of Hollybrook,Williamson,IL
Villas South Holland,Cook,IL
Villas of Holly,Coles,IL
Villas of Holly,Will,IL
Villas of Holly Brook,Christian,IL
Villas of Holly Brook,Wabash,IL
Villas of Holly Brook,Coles,IL
Villas of Holly Brook,Jersey,IL
Villas of Holly Brook,Sangamon,IL
Villas of Holly Brook & Reflections Pekin,Tazewell,IL
Villas of Holly Brook & Reflections Pekin,Williamson,IL
Villas of Holly Brook Bethalto,Sangamon,IL
Villas of Holly Brook Bethalto,Madison,IL
Villas of Holly Brook Marshall,Clark,IL
Villas of Holly Brook Marshall,Madison,IL
"Villas of Holly Brook Marshall, Clark",Clark,IL
Villas of Holly Brook and Reflections Memory Care,Sangamon,IL
Villas of Holly Brook and Reflections Memory Care,Tazewell,IL
Villas of Holly Brook-Bethalto,Madison,IL
Villas of Holly Brook-Shelbyville,Shelby,IL
Villas of Hollybrook,Tazewell,IL
Villas of Hollybrook,Williamson,IL
Villas of Hollybrook,Jasper,IL
Villas of Hollybrook,Wabash,IL
Villas of Hollybrook Morton,Tazewell,IL
Villas of Hollybrook-Rantoul,Champaign,IL
Vistas Fox Valley,Kane,IL
Vonderlieth Living Center,Logan,IL
WILLOW FALLS ASSISTED LIVING,Will,IL
Wabash Christian Retirement,White,IL
Walker Nursing Home,Cass,IL
Walter Lawson Childrens,Winnebago,IL
Warren Barr Gold Coast,Cook,IL
Warren Barr Lincoln Park,Cook,IL
Warren Barr Lincolnshire,Lake,IL
Warren Barr North Shore,Lake,IL
Warren Barr South Loop,Cook,IL
Warren G Murray Developmental Center,Marion,IL
Warren G Murray Developmental Center,Clinton,IL
Warren G. Murray Developmental Center,Clinton,IL
Warrren G Murray Develpmental Center,Clinton,IL
"Washington County Hospital, Long Term Care Unit",Washington,IL
Washington Senior Living,Tazewell,IL
Waterford Estates Senior Living,Cook,IL
Waterfront Terrace,Cook,IL
Watseka Rehabilitation and Healthcare,Iroquois,IL
Wauconda Care,Lake,IL
Waverly Inn Memory Care Community,Cook,IL
Waverly Place of Stockton,Jo Daviess,IL
Weinberg Community for Senior Living,Cook,IL
Weinberg Senior Living,Cook,IL
Wesley Place,Cook,IL
Wesley Village Healthcare,McDonough,IL
Wesley Willows,Winnebago,IL
West Chicago Terrace,DuPage,IL
West Suburban Nursing & Rehabilitation Center,DuPage,IL
Westbridge Assisted Living Wheaton,DuPage,IL
Westbridge/Wyndemere Senior Living Community,DuPage,IL
Westbrook Senior Living,Cook,IL
Westchester Health and Rehabilitation Center,Cook,IL
Westminster Place,Cook,IL
Westminster Village,McLean,IL
Westminster Village Assisted Living,McLean,IL
Westminster Village-Martin Health,McLean,IL
Westmont Manor Health and Rehab Center,DuPage,IL
Westside Rehab and CAre,Franklin,IL
Westwood Manor,Cook,IL
Wheaton Village,DuPage,IL
White Hall Nursing and Rehab,Greene,IL
White Oak Rehabilitation & Health Care Center,Jefferson,IL
White Oaks Spring Street,Kane,IL
White Oaks at South Elgin,Kane,IL
White Oaks at Spring Street,Kane,IL
Whitehall North,Lake,IL
Whitehall of Deerfield,Lake,IL
Willow Crest Nursing Pavilion,DeKalb,IL
Willow Crest Nursing Pavilion,Livingston,IL
Willow Crest Nursing Pavilion #2,DeKalb,IL
Willow Falls,Will,IL
Willow Falls,DeKalb,IL
Willow House,Will,IL
Willow Rose Rehab and Health Care,Jersey,IL
Willowbrook Memory Care of Vandalia,Fayette,IL
Winchester House,Lake,IL
Winchester House,Will,IL
Windsor At Savoy,Lake,IL
Windsor At Savoy,Champaign,IL
Windsor Estate Nursing & Rehab,Cook,IL
Windsor Estates,Cook,IL
Windsor Estates,Champaign,IL
Windsor Manor Morrison,Whiteside,IL
Windsor Manor Morrison,Cook,IL
Windsor Park Manor,DuPage,IL
Windsor Park Manor,Whiteside,IL
Winfield Woods Healthcare Center,DuPage,IL
Winning Wheels,Whiteside,IL
Winning Wheels,DuPage,IL
Winston Manor,Cook,IL
Winston Manor,Whiteside,IL
Winston Nursing,Cook,IL
Wm. W.Fox Developmental Center,Cook,IL
Wm. W.Fox Developmental Center,Livingston,IL
Woodbridge Nursing Pavilion,Cook,IL
Woodridge Supportive Living Facility,Henry,IL
Wynscape Health and Rehabilitation,DuPage,IL
prairie rose,Christian,IL
symphony of joliet,Will,IL
symphony of joliet,Cook,IL
taylorville care center,Christian,IL
taylorville care center,DuPage,IL
